{
  "name": "creative",
  "disable": false,
  "tier": -1,
  "color": "cf1ae9",
  "armorPoints": 8,
  "enchantability": 0,
  "craftingMaterial": "null",
  "creative": true,
  "rarity": 3,
  "toughness": 0.0,
  "knockbackResistance": 0.0,
  "curios": true,
  "capacity": 0,
  "usage": 0,
  "speedVertical": 1.03,
  "accelVertical": 0.17,
  "speedSideways": 0.21,
  "speedHoverAscend": 0.45,
  "speedHoverDescend": 0.25,
  "speedHover": 0.0,
  "sprintSpeedMulti": 2.0,
  "sprintSpeedMultiVertical": 1.5,
  "sprintFuelMulti": 0.0
}