{
  "name": "emerald",
  "disable": false,
  "tier": 5,
  "color": "4dd979",
  "armorPoints": 4,
  "enchantability": 15,
  "craftingMaterial": "tag:forge:gems/emerald",
  "creative": false,
  "rarity": 0,
  "toughness": 0.0,
  "knockbackResistance": 0.0,
  "curios": true,
  "capacity": 48000000,
  "usage": 880,
  "speedVertical": 1.03,
  "accelVertical": 0.17,
  "speedSideways": 0.21,
  "speedHoverAscend": 0.45,
  "speedHoverDescend": 0.25,
  "speedHover": 0.0,
  "sprintSpeedMulti": 2.0,
  "sprintSpeedMultiVertical": 1.5,
  "sprintFuelMulti": 4.0
}