{
  "name": "silver",
  "disable": false,
  "tier": 2,
  "color": "8b99a4",
  "armorPoints": 3,
  "enchantability": 12,
  "craftingMaterial": "tag:forge:ingots/silver",
  "creative": false,
  "rarity": 0,
  "toughness": 0.0,
  "knockbackResistance": 0.0,
  "curios": true,
  "capacity": 1200000,
  "usage": 150,
  "speedVertical": 0.48,
  "accelVertical": 0.13,
  "speedSideways": 0.15,
  "speedHoverAscend": 0.3,
  "speedHoverDescend": 0.25,
  "speedHover": 0.07,
  "sprintSpeedMulti": 1.3,
  "sprintSpeedMultiVertical": 1.15,
  "sprintFuelMulti": 2.7
}