{
  "name": "steel",
  "disable": false,
  "tier": 3,
  "color": "565656",
  "armorPoints": 3,
  "enchantability": 15,
  "craftingMaterial": "tag:forge:ingots/steel",
  "creative": false,
  "rarity": 0,
  "toughness": 0.0,
  "knockbackResistance": 0.0,
  "curios": true,
  "capacity": 12000000,
  "usage": 350,
  "speedVertical": 0.67,
  "accelVertical": 0.135,
  "speedSideways": 0.155,
  "speedHoverAscend": 0.35,
  "speedHoverDescend": 0.25,
  "speedHover": 0.025,
  "sprintSpeedMulti": 1.5,
  "sprintSpeedMultiVertical": 1.25,
  "sprintFuelMulti": 3.2
}