{"render_type":"minecraft:cutout","textures":{"2":"mekanism:block/models/ports_large","3":"mekanism:block/models/ports_large_led","frame":"mekanism:block/models/fluid_tank","particle":"#glass"},"elements":[{"name":"RightGlass","from":[13,1,3],"to":[14,15,13],"faces":{"east":{"uv":[3,1,13,15],"texture":"#glass","tintindex":0},"west":{"uv":[3,1,13,15],"texture":"#glass","tintindex":0}}},{"name":"PoleBR","from":[13,1,13],"to":[14,15,14],"faces":{"north":{"uv":[0,1,1,15],"texture":"#frame"},"east":{"uv":[0,1,1,15],"texture":"#frame"},"south":{"uv":[0,1,1,15],"texture":"#frame"},"west":{"uv":[0,1,1,15],"texture":"#frame"}}},{"name":"TopBack","from":[2,15,13],"to":[14,16,14],"faces":{"east":{"uv":[11,0,12,1],"texture":"#frame"},"south":{"uv":[0,0,12,1],"texture":"#frame"},"west":{"uv":[0,0,1,1],"texture":"#frame"},"up":{"uv":[12,1,0,0],"texture":"#frame","cullface":"up"},"down":{"uv":[12,1,0,0],"texture":"#frame"}}},{"name":"TopFront","from":[2,15,2],"to":[14,16,3],"faces":{"north":{"uv":[0,0,12,1],"texture":"#frame"},"east":{"uv":[0,0,1,1],"texture":"#frame"},"west":{"uv":[11,0,12,1],"texture":"#frame"},"up":{"uv":[12,1,0,0],"texture":"#frame","cullface":"up"},"down":{"uv":[12,1,0,0],"texture":"#frame"}}},{"name":"TopLeft","from":[13,15,3],"to":[14,16,13],"faces":{"east":{"uv":[1,0,11,1],"texture":"#frame"},"up":{"uv":[11,1,1,0],"texture":"#frame","cullface":"up"},"down":{"uv":[11,1,1,0],"texture":"#frame"}}},{"name":"TopRight","from":[2,15,3],"to":[3,16,13],"faces":{"west":{"uv":[1,0,11,1],"texture":"#frame"},"up":{"uv":[11,1,1,0],"texture":"#frame","cullface":"up"},"down":{"uv":[11,1,1,0],"texture":"#frame"}}},{"name":"TopPort","from":[3,15,3],"to":[13,16,13],"faces":{"up":{"uv":[5,5,0,0],"texture":"#2","cullface":"up"},"down":{"uv":[5,5,0,0],"texture":"#2"}}},{"name":"TopPortLED","from":[3,15,3],"to":[13,16,13],"faces":{"up":{"uv":[5,5,0,0],"texture":"#3","cullface":"up","emissivity":15},"down":{"uv":[5,0,0,5],"texture":"#3","emissivity":15}}},{"name":"PoleFL","from":[2,1,2],"to":[3,15,3],"faces":{"north":{"uv":[0,1,1,15],"texture":"#frame"},"east":{"uv":[0,1,1,15],"texture":"#frame"},"south":{"uv":[0,1,1,15],"texture":"#frame"},"west":{"uv":[0,1,1,15],"texture":"#frame"}}},{"name":"FrontGlass","from":[3,1,2],"to":[13,15,3],"faces":{"north":{"uv":[3,1,13,15],"texture":"#glass","tintindex":0},"south":{"uv":[3,1,13,15],"texture":"#glass","tintindex":0}}},{"name":"LeftGlass","from":[2,1,3],"to":[3,15,13],"faces":{"east":{"uv":[3,1,13,15],"texture":"#glass","tintindex":0},"west":{"uv":[3,1,13,15],"texture":"#glass","tintindex":0}}},{"name":"BackGlass","from":[3,1,13],"to":[13,15,14],"faces":{"north":{"uv":[3,1,13,15],"texture":"#glass","tintindex":0},"south":{"uv":[3,1,13,15],"texture":"#glass","tintindex":0}}},{"name":"BaseFront","from":[2,0,2],"to":[14,1,3],"faces":{"north":{"uv":[0,15,12,16],"texture":"#frame"},"east":{"uv":[0,15,1,16],"texture":"#frame"},"west":{"uv":[11,15,12,16],"texture":"#frame"},"up":{"uv":[12,16,0,15],"texture":"#frame"},"down":{"uv":[12,16,0,15],"texture":"#frame","cullface":"down"}}},{"name":"BaseBack","from":[2,0,13],"to":[14,1,14],"faces":{"east":{"uv":[11,15,12,16],"texture":"#frame"},"south":{"uv":[0,15,12,16],"texture":"#frame"},"west":{"uv":[0,15,1,16],"texture":"#frame"},"up":{"uv":[12,16,0,15],"texture":"#frame"},"down":{"uv":[12,16,0,15],"texture":"#frame","cullface":"down"}}},{"name":"BaseLeft","from":[13,0,3],"to":[14,1,13],"faces":{"east":{"uv":[1,15,11,16],"texture":"#frame"},"up":{"uv":[11,16,1,15],"texture":"#frame"},"down":{"uv":[11,16,1,15],"texture":"#frame","cullface":"down"}}},{"name":"BaseRight","from":[2,0,3],"to":[3,1,13],"faces":{"west":{"uv":[1,15,11,16],"texture":"#frame"},"up":{"uv":[11,16,1,15],"texture":"#frame"},"down":{"uv":[11,16,1,15],"texture":"#frame","cullface":"down"}}},{"name":"BottomPort","from":[3,0,3],"to":[13,1,13],"faces":{"up":{"uv":[5,5,0,0],"texture":"#2"},"down":{"uv":[5,5,0,0],"texture":"#2","cullface":"down"}}},{"name":"BottomPortLED","from":[3,0,3],"to":[13,1,13],"faces":{"up":{"uv":[5,5,0,0],"texture":"#3","emissivity":15},"down":{"uv":[5,0,0,5],"texture":"#3","cullface":"down","emissivity":15}}},{"name":"PoleLB","from":[2,1,13],"to":[3,15,14],"faces":{"north":{"uv":[11,1,12,15],"texture":"#frame"},"east":{"uv":[11,1,12,15],"texture":"#frame"},"south":{"uv":[11,1,12,15],"texture":"#frame"},"west":{"uv":[11,1,12,15],"texture":"#frame"}}},{"name":"PoleRF","from":[13,1,2],"to":[14,15,3],"faces":{"north":{"uv":[11,1,12,15],"texture":"#frame"},"east":{"uv":[11,1,12,15],"texture":"#frame"},"south":{"uv":[11,1,12,15],"texture":"#frame"},"west":{"uv":[11,1,12,15],"texture":"#frame"}}}]}