{"textures":{"0":"mekanism:block/nutritional_liquifier"},"elements":[{"from":[7,5,7],"to":[9,7,9],"faces":{"north":{"uv":[9,9,10,10],"texture":"#0"},"east":{"uv":[9,9,10,10],"texture":"#0"},"south":{"uv":[9,9,10,10],"texture":"#0"},"west":{"uv":[9,9,10,10],"texture":"#0"}}},{"from":[5,7,7],"to":[11,7,9],"faces":{"up":{"uv":[9,9,10,10],"texture":"#0"},"down":{"uv":[3.5,3.5,4.5,4.5],"texture":"#0"}}},{"from":[3,7,7],"to":[5,7,9],"rotation":{"angle":22.5,"axis":"z","origin":[5,7,8]},"faces":{"up":{"uv":[9,9,10,10],"texture":"#0"},"down":{"uv":[3.5,3.5,4.5,4.5],"texture":"#0"}}},{"from":[7,7,11],"to":[9,7,13],"rotation":{"angle":-45,"axis":"x","origin":[8,7,11]},"faces":{"up":{"uv":[9,9,10,10],"rotation":180,"texture":"#0"},"down":{"uv":[3.5,3.5,4.5,4.5],"rotation":180,"texture":"#0"}}},{"from":[7,7,3],"to":[9,7,5],"rotation":{"angle":45,"axis":"x","origin":[8,7,5]},"faces":{"up":{"uv":[9,9,10,10],"texture":"#0"},"down":{"uv":[3.5,3.5,4.5,4.5],"texture":"#0"}}},{"from":[11,7,7],"to":[13,7,9],"rotation":{"angle":-22.5,"axis":"z","origin":[11,7,8]},"faces":{"up":{"uv":[9,9,10,10],"rotation":180,"texture":"#0"},"down":{"uv":[3.5,3.5,4.5,4.5],"rotation":180,"texture":"#0"}}},{"from":[7,7,5],"to":[9,7,7],"faces":{"up":{"uv":[9,9,9.5,10],"rotation":270,"texture":"#0"},"down":{"uv":[4,3.5,4.5,4.5],"rotation":90,"texture":"#0"}}},{"from":[7,7,9],"to":[9,7,11],"faces":{"up":{"uv":[9.5,9,10,10],"rotation":270,"texture":"#0"},"down":{"uv":[3.5,3.5,4,4.5],"rotation":270,"texture":"#0"}}}]}