{"loader":"forge:composite","parent":"block/block","textures":{"particle":"mekanism:block/models/quantum_entangloporter"},"children":{"base":{"render_type":"minecraft:cutout","textures":{"0":"mekanism:block/models/quantum_entangloporter","1":"mekanism:block/models/ports","4":"mekanism:block/models/ports_led"},"elements":[{"name":"corner1","from":[0,0,0],"to":[3,3,3],"faces":{"north":{"uv":[0,0,3,3],"texture":"#0","cullface":"north"},"east":{"uv":[0,0,3,3],"texture":"#0"},"south":{"uv":[0,0,3,3],"texture":"#0"},"west":{"uv":[0,0,3,3],"texture":"#0","cullface":"west"},"up":{"uv":[0,0,3,3],"texture":"#0"},"down":{"uv":[0,0,3,3],"texture":"#0","cullface":"down"}}},{"name":"corner2","from":[0,0,13],"to":[3,3,16],"faces":{"north":{"uv":[0,0,3,3],"texture":"#0"},"east":{"uv":[0,0,3,3],"texture":"#0"},"south":{"uv":[0,0,3,3],"texture":"#0","cullface":"south"},"west":{"uv":[0,0,3,3],"texture":"#0","cullface":"west"},"up":{"uv":[0,0,3,3],"texture":"#0"},"down":{"uv":[0,0,3,3],"texture":"#0","cullface":"down"}}},{"name":"corner3","from":[13,0,13],"to":[16,3,16],"faces":{"north":{"uv":[0,0,3,3],"texture":"#0"},"east":{"uv":[0,0,3,3],"texture":"#0","cullface":"east"},"south":{"uv":[0,0,3,3],"texture":"#0","cullface":"south"},"west":{"uv":[0,0,3,3],"texture":"#0"},"up":{"uv":[0,0,3,3],"texture":"#0"},"down":{"uv":[0,0,3,3],"texture":"#0","cullface":"down"}}},{"name":"corner4","from":[13,0,0],"to":[16,3,3],"faces":{"north":{"uv":[0,0,3,3],"texture":"#0","cullface":"north"},"east":{"uv":[0,0,3,3],"texture":"#0","cullface":"east"},"south":{"uv":[0,0,3,3],"texture":"#0"},"west":{"uv":[0,0,3,3],"texture":"#0"},"up":{"uv":[0,0,3,3],"texture":"#0"},"down":{"uv":[0,0,3,3],"texture":"#0","cullface":"down"}}},{"name":"corner5","from":[13,13,0],"to":[16,16,3],"faces":{"north":{"uv":[0,0,3,3],"texture":"#0","cullface":"north"},"east":{"uv":[0,0,3,3],"texture":"#0","cullface":"east"},"south":{"uv":[0,0,3,3],"texture":"#0"},"west":{"uv":[0,0,3,3],"texture":"#0"},"up":{"uv":[0,0,3,3],"texture":"#0","cullface":"up"},"down":{"uv":[0,0,3,3],"texture":"#0"}}},{"name":"corner6","from":[0,13,0],"to":[3,16,3],"faces":{"north":{"uv":[0,0,3,3],"texture":"#0","cullface":"north"},"east":{"uv":[0,0,3,3],"texture":"#0"},"south":{"uv":[0,0,3,3],"texture":"#0"},"west":{"uv":[0,0,3,3],"texture":"#0","cullface":"west"},"up":{"uv":[0,0,3,3],"texture":"#0","cullface":"up"},"down":{"uv":[0,0,3,3],"texture":"#0"}}},{"name":"corner7","from":[0,13,13],"to":[3,16,16],"faces":{"north":{"uv":[0,0,3,3],"texture":"#0"},"east":{"uv":[0,0,3,3],"texture":"#0"},"south":{"uv":[0,0,3,3],"texture":"#0","cullface":"south"},"west":{"uv":[0,0,3,3],"texture":"#0","cullface":"west"},"up":{"uv":[0,0,3,3],"texture":"#0","cullface":"up"},"down":{"uv":[0,0,3,3],"texture":"#0"}}},{"name":"corner8","from":[13,13,13],"to":[16,16,16],"faces":{"north":{"uv":[0,0,3,3],"texture":"#0"},"east":{"uv":[0,0,3,3],"texture":"#0","cullface":"east"},"south":{"uv":[0,0,3,3],"texture":"#0","cullface":"south"},"west":{"uv":[0,0,3,3],"texture":"#0"},"up":{"uv":[0,0,3,3],"texture":"#0","cullface":"up"},"down":{"uv":[0,0,3,3],"texture":"#0"}}},{"name":"edge1","from":[0,0,3],"to":[1,1,13],"faces":{"east":{"uv":[3,0,11,1],"texture":"#0"},"west":{"uv":[3,0,11,1],"texture":"#0","cullface":"west"},"up":{"uv":[3,0,11,1],"texture":"#0"},"down":{"uv":[3,0,11,1],"texture":"#0","cullface":"down"}}},{"name":"edge2","from":[0,15,3],"to":[1,16,13],"faces":{"east":{"uv":[3,0,11,1],"texture":"#0"},"west":{"uv":[3,0,11,1],"texture":"#0","cullface":"west"},"up":{"uv":[3,0,11,1],"texture":"#0","cullface":"up"},"down":{"uv":[3,0,11,1],"texture":"#0"}}},{"name":"edge3","from":[15,15,3],"to":[16,16,13],"faces":{"east":{"uv":[3,0,11,1],"rotation":270,"texture":"#0","cullface":"east"},"west":{"uv":[3,0,11,1],"rotation":270,"texture":"#0"},"up":{"uv":[3,0,11,1],"rotation":270,"texture":"#0","cullface":"up"},"down":{"uv":[3,0,11,1],"rotation":270,"texture":"#0"}}},{"name":"edge4","from":[15,0,3],"to":[16,1,13],"faces":{"east":{"uv":[3,0,11,1],"rotation":270,"texture":"#0","cullface":"east"},"west":{"uv":[3,0,11,1],"rotation":270,"texture":"#0"},"up":{"uv":[3,0,11,1],"rotation":270,"texture":"#0"},"down":{"uv":[3,0,11,1],"rotation":270,"texture":"#0","cullface":"down"}}},{"name":"edge5","from":[3,0,0],"to":[13,1,1],"faces":{"north":{"uv":[3,0,11,1],"rotation":180,"texture":"#0","cullface":"north"},"south":{"uv":[3,0,11,1],"rotation":180,"texture":"#0"},"up":{"uv":[3,0,11,1],"rotation":180,"texture":"#0"},"down":{"uv":[3,0,11,1],"rotation":180,"texture":"#0","cullface":"down"}}},{"name":"edge6","from":[3,15,0],"to":[13,16,1],"faces":{"north":{"uv":[3,0,11,1],"rotation":180,"texture":"#0","cullface":"north"},"south":{"uv":[3,0,11,1],"rotation":180,"texture":"#0"},"up":{"uv":[3,0,11,1],"rotation":180,"texture":"#0","cullface":"up"},"down":{"uv":[3,0,11,1],"rotation":180,"texture":"#0"}}},{"name":"edge7","from":[3,15,15],"to":[13,16,16],"faces":{"north":{"uv":[3,0,11,1],"texture":"#0"},"south":{"uv":[3,0,11,1],"texture":"#0","cullface":"south"},"up":{"uv":[3,0,11,1],"texture":"#0","cullface":"up"},"down":{"uv":[3,0,11,1],"texture":"#0"}}},{"name":"edge8","from":[3,0,15],"to":[13,1,16],"faces":{"north":{"uv":[3,0,11,1],"texture":"#0"},"south":{"uv":[3,0,11,1],"texture":"#0","cullface":"south"},"up":{"uv":[3,0,11,1],"texture":"#0"},"down":{"uv":[3,0,11,1],"texture":"#0","cullface":"down"}}},{"name":"edge9","from":[15,3,15],"to":[16,13,16],"faces":{"north":{"uv":[3,0,11,1],"texture":"#0"},"east":{"uv":[3,0,11,1],"texture":"#0","cullface":"east"},"south":{"uv":[3,0,11,1],"texture":"#0","cullface":"south"},"west":{"uv":[3,0,11,1],"texture":"#0"}}},{"name":"edge10","from":[0,3,15],"to":[1,13,16],"faces":{"north":{"uv":[3,0,11,1],"texture":"#0"},"east":{"uv":[3,0,11,1],"texture":"#0"},"south":{"uv":[3,0,11,1],"texture":"#0","cullface":"south"},"west":{"uv":[3,0,11,1],"texture":"#0","cullface":"west"}}},{"name":"edge11","from":[0,3,0],"to":[1,13,1],"faces":{"north":{"uv":[3,0,11,1],"rotation":90,"texture":"#0","cullface":"north"},"east":{"uv":[3,0,11,1],"rotation":90,"texture":"#0"},"south":{"uv":[3,0,11,1],"rotation":90,"texture":"#0"},"west":{"uv":[3,0,11,1],"rotation":90,"texture":"#0","cullface":"west"}}},{"name":"edge12","from":[15,3,0],"to":[16,13,1],"faces":{"north":{"uv":[3,0,11,1],"rotation":180,"texture":"#0","cullface":"north"},"east":{"uv":[3,0,11,1],"rotation":180,"texture":"#0","cullface":"east"},"south":{"uv":[3,0,11,1],"rotation":180,"texture":"#0"},"west":{"uv":[3,0,11,1],"rotation":180,"texture":"#0"}}},{"name":"inner1","from":[1,13,3],"to":[3,15,13],"faces":{"east":{"uv":[3,9,11,11],"rotation":180,"texture":"#0"},"west":{"uv":[3,3,11,5],"rotation":180,"texture":"#0"},"up":{"uv":[3,3,11,5],"rotation":90,"texture":"#0"},"down":{"uv":[3,9,11,11],"rotation":90,"texture":"#0"}}},{"name":"inner2","from":[13,13,3],"to":[15,15,13],"faces":{"east":{"uv":[3,3,11,5],"rotation":180,"texture":"#0"},"west":{"uv":[3,9,11,11],"rotation":180,"texture":"#0"},"up":{"uv":[3,3,11,5],"rotation":270,"texture":"#0"},"down":{"uv":[3,9,11,11],"rotation":270,"texture":"#0"}}},{"name":"inner3","from":[13,1,3],"to":[15,3,13],"faces":{"east":{"uv":[3,3,11,5],"texture":"#0"},"west":{"uv":[3,9,11,11],"texture":"#0"},"up":{"uv":[3,9,11,11],"rotation":270,"texture":"#0"},"down":{"uv":[3,3,11,5],"rotation":270,"texture":"#0"}}},{"name":"inner4","from":[1,1,3],"to":[3,3,13],"faces":{"east":{"uv":[3,9,11,11],"texture":"#0"},"west":{"uv":[3,3,11,5],"texture":"#0"},"up":{"uv":[3,9,11,11],"rotation":90,"texture":"#0"},"down":{"uv":[3,3,11,5],"rotation":90,"texture":"#0"}}},{"name":"inner5","from":[3,1,13],"to":[13,3,15],"faces":{"north":{"uv":[3,9,11,11],"texture":"#0"},"south":{"uv":[3,3,11,5],"texture":"#0"},"up":{"uv":[3,9,11,11],"texture":"#0"},"down":{"uv":[3,3,11,5],"rotation":180,"texture":"#0"}}},{"name":"inner6","from":[3,1,1],"to":[13,3,3],"faces":{"north":{"uv":[3,3,11,5],"texture":"#0"},"south":{"uv":[3,9,11,11],"texture":"#0"},"up":{"uv":[3,9,11,11],"rotation":180,"texture":"#0"},"down":{"uv":[3,3,11,5],"texture":"#0"}}},{"name":"inner7","from":[3,13,1],"to":[13,15,3],"faces":{"north":{"uv":[3,3,11,5],"rotation":180,"texture":"#0"},"south":{"uv":[3,9,11,11],"rotation":180,"texture":"#0"},"up":{"uv":[3,3,11,5],"rotation":180,"texture":"#0"},"down":{"uv":[3,9,11,11],"texture":"#0"}}},{"name":"inner8","from":[3,13,13],"to":[13,15,15],"faces":{"north":{"uv":[3,9,11,11],"rotation":180,"texture":"#0"},"south":{"uv":[3,3,11,5],"rotation":180,"texture":"#0"},"up":{"uv":[3,3,11,5],"texture":"#0"},"down":{"uv":[3,9,11,11],"rotation":180,"texture":"#0"}}},{"name":"inner9","from":[1,3,13],"to":[3,13,15],"faces":{"north":{"uv":[3,9,11,11],"rotation":270,"texture":"#0"},"east":{"uv":[3,9,11,11],"rotation":90,"texture":"#0"},"south":{"uv":[3,3,11,5],"rotation":90,"texture":"#0"},"west":{"uv":[3,3,11,5],"rotation":270,"texture":"#0"}}},{"name":"inner10","from":[1,3,1],"to":[3,13,3],"faces":{"north":{"uv":[3,3,11,5],"rotation":270,"texture":"#0"},"east":{"uv":[3,9,11,11],"rotation":270,"texture":"#0"},"south":{"uv":[3,9,11,11],"rotation":90,"texture":"#0"},"west":{"uv":[3,3,11,5],"rotation":90,"texture":"#0"}}},{"name":"inner11","from":[13,3,1],"to":[15,13,3],"faces":{"north":{"uv":[3,3,11,5],"rotation":90,"texture":"#0"},"east":{"uv":[3,3,11,5],"rotation":270,"texture":"#0"},"south":{"uv":[3,9,11,11],"rotation":270,"texture":"#0"},"west":{"uv":[3,9,11,11],"rotation":90,"texture":"#0"}}},{"name":"inner12","from":[13,3,13],"to":[15,13,15],"faces":{"north":{"uv":[3,9,11,11],"rotation":90,"texture":"#0"},"east":{"uv":[3,3,11,5],"rotation":90,"texture":"#0"},"south":{"uv":[3,3,11,5],"rotation":270,"texture":"#0"},"west":{"uv":[3,9,11,11],"rotation":270,"texture":"#0"}}},{"name":"port_small_north","from":[4,4,0],"to":[12,12,1],"faces":{"north":{"uv":[0,0,8,8],"texture":"#1","cullface":"north"},"east":{"uv":[0,0,1,8],"texture":"#1"},"south":{"uv":[0,8,8,16],"texture":"#1"},"west":{"uv":[0,0,1,8],"texture":"#1"},"up":{"uv":[0,0,8,1],"texture":"#1"},"down":{"uv":[0,0,8,1],"texture":"#1"}}},{"name":"port_small_north_led","from":[4,4,0],"to":[12,12,0],"faces":{"north":{"uv":[8,0,16,8],"texture":"#4","cullface":"north","emissivity":15}}},{"name":"port_small_east_led","from":[16,4,4],"to":[16,12,12],"faces":{"east":{"uv":[8,0,16,8],"texture":"#4","cullface":"east","emissivity":15}}},{"name":"port_small_east","from":[15,4,4],"to":[16,12,12],"faces":{"north":{"uv":[0,0,1,8],"texture":"#1"},"east":{"uv":[0,0,8,8],"texture":"#1","cullface":"east"},"south":{"uv":[0,0,1,8],"texture":"#1"},"west":{"uv":[0,8,8,16],"texture":"#1"},"up":{"uv":[0,0,8,1],"rotation":90,"texture":"#1"},"down":{"uv":[0,0,8,1],"rotation":270,"texture":"#1"}}},{"name":"port_small_south","from":[4,4,15],"to":[12,12,16],"faces":{"north":{"uv":[0,8,8,16],"texture":"#1"},"east":{"uv":[0,0,1,8],"texture":"#1"},"south":{"uv":[0,0,8,8],"texture":"#1","cullface":"south"},"west":{"uv":[0,0,1,8],"texture":"#1"},"up":{"uv":[0,0,8,1],"rotation":180,"texture":"#1"},"down":{"uv":[0,0,8,1],"rotation":180,"texture":"#1"}}},{"name":"port_small_south_led","from":[4,4,16],"to":[12,12,16],"faces":{"south":{"uv":[8,0,16,8],"texture":"#4","cullface":"south","emissivity":15}}},{"name":"port_small_west_led","from":[0,4,4],"to":[0,12,12],"faces":{"west":{"uv":[8,0,16,8],"texture":"#4","cullface":"west","emissivity":15}}},{"name":"port_small_west","from":[0,4,4],"to":[1,12,12],"faces":{"north":{"uv":[0,0,1,8],"texture":"#1"},"east":{"uv":[0,8,8,16],"texture":"#1"},"south":{"uv":[0,0,1,8],"texture":"#1"},"west":{"uv":[0,0,8,8],"texture":"#1","cullface":"west"},"up":{"uv":[0,0,8,1],"rotation":270,"texture":"#1"},"down":{"uv":[0,0,8,1],"rotation":90,"texture":"#1"}}},{"name":"port_small_up","from":[4,15,4],"to":[12,16,12],"faces":{"north":{"uv":[0,0,1,8],"rotation":90,"texture":"#1"},"east":{"uv":[0,0,8,1],"rotation":180,"texture":"#1"},"south":{"uv":[0,0,1,8],"rotation":270,"texture":"#1"},"west":{"uv":[0,0,8,1],"texture":"#1"},"up":{"uv":[0,0,8,8],"rotation":270,"texture":"#1","cullface":"up"},"down":{"uv":[0,8,8,16],"rotation":270,"texture":"#1"}}},{"name":"port_small_up_led","from":[4,16,4],"to":[12,16,12],"faces":{"up":{"uv":[8,0,16,8],"rotation":270,"texture":"#4","cullface":"up","emissivity":15}}},{"name":"port_small_down","from":[4,0,4],"to":[12,1,12],"faces":{"north":{"uv":[0,0,1,8],"rotation":270,"texture":"#1"},"east":{"uv":[0,0,8,1],"rotation":180,"texture":"#1"},"south":{"uv":[0,0,1,8],"rotation":90,"texture":"#1"},"west":{"uv":[0,0,8,1],"texture":"#1"},"up":{"uv":[0,8,8,16],"rotation":90,"texture":"#1"},"down":{"uv":[0,0,8,8],"rotation":90,"texture":"#1","cullface":"down"}}},{"name":"port_small_down_led","from":[4,0,4],"to":[12,0,12],"faces":{"down":{"uv":[8,0,16,8],"rotation":90,"texture":"#4","cullface":"down","emissivity":15}}}]},"core":{"transform":{"origin":"center","rotation":[45,0,-45]},"render_type":"minecraft:translucent","textures":{"0":"mekanism:block/models/quantum_entangloporter"},"elements":[{"name":"core_led","from":[5.5,5.5,5.5],"to":[10.5,10.5,10.5],"shade":false,"faces":{"north":{"uv":[15,15,16,16],"texture":"#0","emissivity":15},"east":{"uv":[15,15,16,16],"texture":"#0","emissivity":15},"south":{"uv":[15,15,16,16],"texture":"#0","emissivity":15},"west":{"uv":[15,15,16,16],"texture":"#0","emissivity":15},"up":{"uv":[15,15,16,16],"texture":"#0","emissivity":15},"down":{"uv":[15,15,16,16],"texture":"#0","emissivity":15}}}]}}}