{"credit":"Model by CyanideX","textures":{"1":"mekanism:block/models/resistive_heater_sides","2":"mekanism:block/models/resistive_heater_sides_2","3":"mekanism:block/models/resistive_heater_top","4":"mekanism:block/models/resistive_heater_bottom","5":"mekanism:block/models/ports","6":"mekanism:block/models/ports_led","particle":"mekanism:block/models/resistive_heater_sides_2"},"parent":"block/block","render_type":"minecraft:cutout","elements":[{"name":"port_left","from":[-0.005,4,4],"to":[0.995,12,12],"faces":{"west":{"uv":[8,0,0,8],"texture":"#5","cullface":"west"}}},{"name":"port_right","from":[15.005,4,4],"to":[16.005,12,12],"faces":{"east":{"uv":[0,0,8,8],"texture":"#5","cullface":"east"}}},{"name":"port_left_led","from":[-0.005,4,4],"to":[-0.005,12,12],"faces":{"west":{"uv":[8,8,16,16],"texture":"#6","cullface":"west","emissivity":15}}},{"name":"port_right_led","from":[16.005,4,4],"to":[16.005,12,12],"faces":{"east":{"uv":[8,8,16,16],"texture":"#6","cullface":"east","emissivity":15}}},{"name":"bar1","from":[4,13,1.5],"to":[5,14,14.5],"faces":{"east":{"uv":[1,1,2,15],"rotation":90,"texture":"#3"},"west":{"uv":[1,1,2,15],"rotation":90,"texture":"#3"},"up":{"uv":[1,1,2,15],"texture":"#3"},"down":{"uv":[1,1,2,15],"texture":"#3"}}},{"name":"bar2","from":[6,13,1.5],"to":[7,14,14.5],"faces":{"east":{"uv":[1,1,2,15],"rotation":90,"texture":"#3"},"west":{"uv":[1,1,2,15],"rotation":90,"texture":"#3"},"up":{"uv":[1,1,2,15],"texture":"#3"},"down":{"uv":[1,1,2,15],"texture":"#3"}}},{"name":"bar3","from":[9,13,1.5],"to":[10,14,14.5],"faces":{"east":{"uv":[1,1,2,15],"rotation":90,"texture":"#3"},"west":{"uv":[1,1,2,15],"rotation":90,"texture":"#3"},"up":{"uv":[1,1,2,15],"texture":"#3"},"down":{"uv":[1,1,2,15],"texture":"#3"}}},{"name":"bar4","from":[11,13,1.5],"to":[12,14,14.5],"faces":{"east":{"uv":[1,1,2,15],"rotation":90,"texture":"#3"},"west":{"uv":[1,1,2,15],"rotation":90,"texture":"#3"},"up":{"uv":[1,1,2,15],"texture":"#3"},"down":{"uv":[1,1,2,15],"texture":"#3"}}},{"name":"base","from":[0,0,0],"to":[16,7,16],"faces":{"north":{"uv":[0,9,16,16],"texture":"#1","cullface":"north"},"east":{"uv":[0,9,16,16],"texture":"#1","cullface":"east"},"south":{"uv":[0,9,16,16],"texture":"#1","cullface":"south"},"west":{"uv":[0,9,16,16],"texture":"#1","cullface":"west"},"up":{"uv":[0,0,16,16],"texture":"#3"},"down":{"uv":[0,0,16,16],"texture":"#4","cullface":"down"}}},{"name":"wall_right","from":[13,7,0],"to":[16,16,16],"faces":{"north":{"uv":[0,0,3,9],"texture":"#1","cullface":"north"},"east":{"uv":[0,0,16,9],"texture":"#2","cullface":"east"},"south":{"uv":[0,0,3,9],"texture":"#1","cullface":"south"},"west":{"uv":[0,0,16,9],"texture":"#2"},"up":{"uv":[0,0,3,16],"texture":"#3","cullface":"up"}}},{"name":"wall_left","from":[0,7,0],"to":[3,16,16],"faces":{"north":{"uv":[0,0,3,9],"texture":"#1","cullface":"north"},"east":{"uv":[0,0,16,9],"texture":"#2"},"south":{"uv":[0,0,3,9],"texture":"#1","cullface":"south"},"west":{"uv":[0,0,16,9],"texture":"#2","cullface":"west"},"up":{"uv":[0,0,3,16],"texture":"#3","cullface":"up"}}},{"name":"fin1","from":[3,6,1],"to":[13,15,2],"faces":{"north":{"uv":[3,0,13,9],"texture":"#1"},"south":{"uv":[3,0,13,9],"texture":"#1"},"up":{"uv":[3,0,13,1],"texture":"#1"}}},{"name":"fin2","from":[3,6,3],"to":[13,15,4],"faces":{"north":{"uv":[3,0,13,9],"texture":"#1"},"south":{"uv":[3,0,13,9],"texture":"#1"},"up":{"uv":[3,0,13,1],"texture":"#1"}}},{"name":"fin3","from":[3,6,5],"to":[13,15,6],"faces":{"north":{"uv":[3,0,13,9],"texture":"#1"},"south":{"uv":[3,0,13,9],"texture":"#1"},"up":{"uv":[3,0,13,1],"texture":"#1"}}},{"name":"fin4","from":[3,6,7],"to":[13,15,8],"faces":{"north":{"uv":[3,0,13,9],"texture":"#1"},"up":{"uv":[3,0,13,1],"texture":"#1"}}},{"name":"fin5","from":[3,6,8],"to":[13,15,9],"faces":{"south":{"uv":[3,0,13,9],"texture":"#1"},"up":{"uv":[3,0,13,1],"texture":"#1"}}},{"name":"fin6","from":[3,6,10],"to":[13,15,11],"faces":{"north":{"uv":[3,0,13,9],"texture":"#1"},"south":{"uv":[3,0,13,9],"texture":"#1"},"up":{"uv":[3,0,13,1],"texture":"#1"}}},{"name":"fin7","from":[3,6,12],"to":[13,15,13],"faces":{"north":{"uv":[3,0,13,9],"texture":"#1"},"south":{"uv":[3,0,13,9],"texture":"#1"},"up":{"uv":[3,0,13,1],"texture":"#1"}}},{"name":"fin8","from":[3,6,14],"to":[13,15,15],"faces":{"north":{"uv":[3,0,13,9],"texture":"#1"},"south":{"uv":[3,0,13,9],"texture":"#1"},"up":{"uv":[3,0,13,1],"texture":"#1"}}}],"groups":[0,1,2,3,4,5,6,7,8,9,10,{"name":"fins","origin":[8,0,21],"children":[11,12,13,14,15,16,17,18]}]}