{"loader":"forge:composite","gui_light":"side","textures":{"particle":"mekanism:block/models/solar_neutron_activator1"},"children":{"base":{"parent":"mekanism:block/solar_neutron_activator"},"translucent":{"render_type":"minecraft:translucent","textures":{"laser":"mekanism:block/laser"},"elements":[{"name":"laser","from":[7,15,5],"to":[9,25,7],"faces":{"north":{"uv":[2,6,4,16],"texture":"#laser"},"east":{"uv":[8,6,10,16],"texture":"#laser"},"south":{"uv":[6,6,8,16],"texture":"#laser"},"west":{"uv":[4,6,6,16],"texture":"#laser"}}}]}}}