{
  "type": "modonomicon:dense",
  "mapping": {
    "*": {
      "type": "modonomicon:display",
      "display": "occultism:otherstone"
    },
    "+": {
      "type": "modonomicon:display",
      "display": "minecraft:stone"
    },
    "0": {
      "type": "modonomicon:block",
      "block": "occultism:golden_sacrificial_bowl"
    },
    "C": {
      "type": "modonomicon:tag",
      "tag": "#minecraft:candles"
    },
    "G": {
      "type": "modonomicon:block",
      "block": "occultism:chalk_glyph_gold"
    },
    "N": {
      "type": "modonomicon:block",
      "block": "minecraft:wither_skeleton_skull"
    },
    "P": {
      "type": "modonomicon:block",
      "block": "occultism:chalk_glyph_purple"
    },
    "R": {
      "type": "modonomicon:block",
      "block": "occultism:chalk_glyph_red"
    },
    "S": {
      "type": "modonomicon:block",
      "block": "occultism:spirit_attuned_crystal"
    },
    "W": {
      "type": "modonomicon:block",
      "block": "occultism:chalk_glyph_white"
    },
    "Z": {
      "type": "modonomicon:block",
      "block": "minecraft:skeleton_skull"
    }
  },
  "pattern": [
    [
      "_______________",
      "_______________",
      "______CZC______",
      "______PPP______",
      "____SPWCWPS____",
      "____PGG_GGP____",
      "__CPWG_W_GWPC__",
      "__ZPC_W0W_CPZ__",
      "__CPWG_W_GWPC__",
      "____PGG_GGP____",
      "____SPWCWPS____",
      "______PPP______",
      "______CZC______",
      "_______________",
      "_______________"
    ],
    [
      "*+*+*+*+*+*+*+*",
      "+*+*+*+*+*+*+*+",
      "*+*+*+*+*+*+*+*",
      "+*+*+*+*+*+*+*+",
      "*+*+*+*+*+*+*+*",
      "+*+*+*+*+*+*+*+",
      "*+*+*+*+*+*+*+*",
      "+*+*+*+*+*+*+*+",
      "*+*+*+*+*+*+*+*",
      "+*+*+*+*+*+*+*+",
      "*+*+*+*+*+*+*+*",
      "+*+*+*+*+*+*+*+",
      "*+*+*+*+*+*+*+*",
      "+*+*+*+*+*+*+*+",
      "*+*+*+*+*+*+*+*"
    ]
  ]
}