{
  "conditions": [
    {
      "condition": "forge:loot_table_id",
      "loot_table_id": "minecraft:entities/ender_dragon"
    },
    {
      "condition": "productivelib:killed_by_uuid",
      "uuid": "bf699a99-b67c-35dc-981f-fb67fe089dbd"
    }
  ],
  "type": "productivelib:ingredient_modifier",
  "chance": 0.15,
  "addition": [
    {
      "item": "mysticalagriculture:cognizant_dust"
    },
    {
      "item": "minecraft:dragon_egg"
    },
    {
      "item": "minecraft:dragon_head"
    },
    {
      "item": "minecraft:dragon_breath"
    },
    {
      "item": "mysticalagradditions:dragon_scale"
    }
  ]
}