{"stats":{"minecraft:used":{"minecraft:torch":1},"minecraft:custom":{"minecraft:jump":38,"minecraft:open_chest":3,"minecraft:time_since_rest":2747,"minecraft:leave_game":1,"minecraft:crouch_one_cm":530,"minecraft:damage_taken":10,"minecraft:sprint_one_cm":11344,"minecraft:play_time":2747,"minecraft:time_since_death":2747,"minecraft:walk_one_cm":2808,"minecraft:sneak_time":109,"minecraft:total_world_time":3806,"minecraft:fall_one_cm":1586,"minecraft:fly_one_cm":9122,"minecraft:open_barrel":1},"minecraft:mined":{"minecraft:wall_torch":1},"minecraft:picked_up":{"minecraft:torch":1,"mysticalagriculture:dirt_essence":1}},"DataVersion":3465}