{
	"loader": "fusion:model",
   "type": "connecting",
   "connections": [
        {
            "type": "is_same_block"
        },
		{
			"type": "match_block",
            "block": "mekanismgenerators:fission_reactor_casing"
		},
		{
			"type": "match_block",
            "block": "mekanismgenerators:fission_reactor_logic_adapter"
		}
    ],
  "parent": "mekanism:block/template/cube_all_led",
  "textures": {
       "all": "mekanismgenerators:block/fct/fission_reactor_port_output_waste",
	   "led": "mekanismgenerators:block/fission_reactor_port_output_waste_led"
    }
}