{
  "mekanism:root": {
    "criteria": {
      "automatic": "2025-06-30 09:28:43 +0500"
    },
    "done": true
  },
  "exdeorum:core/root": {
    "criteria": {
      "in_void_world": "2025-06-30 09:28:43 +0500"
    },
    "done": true
  },
  "minecraft:recipes/decorations/crafting_table": {
    "criteria": {
      "unlock_right_away": "2025-06-30 09:29:31 +0500"
    },
    "done": true
  },
  "mcwfences:recipes/jungle": {
    "criteria": {
      "has_jungle": "2025-06-30 09:29:31 +0500"
    },
    "done": true
  },
  "mcwfences:recipes/warped": {
    "criteria": {
      "has_warped": "2025-06-30 09:29:31 +0500"
    },
    "done": true
  },
  "ae2wtlib:recipes/wireless_universal_terminal/upgrade_crafting": {
    "criteria": {
      "has_wct": "2025-06-30 09:29:31 +0500"
    },
    "done": true
  },
  "mcwfences:recipes/birch": {
    "criteria": {
      "has_birch": "2025-06-30 09:29:31 +0500"
    },
    "done": true
  },
  "mcwfences:recipes/stone": {
    "criteria": {
      "has_stone": "2025-06-30 09:29:31 +0500"
    },
    "done": true
  },
  "ae2wtlib:recipes/wireless_pattern_encoding_terminal": {
    "criteria": {
      "has_wt": "2025-06-30 09:29:31 +0500"
    },
    "done": true
  },
  "mcwfences:recipes/hedge": {
    "criteria": {
      "has_birch": "2025-06-30 09:29:31 +0500"
    },
    "done": true
  },
  "ironfurnaces:coal": {
    "criteria": {
      "rainbowcoal": "2025-06-30 09:29:31 +0500"
    },
    "done": true
  },
  "mcwfences:recipes/prismarine": {
    "criteria": {
      "has_qq": "2025-06-30 09:29:31 +0500"
    },
    "done": true
  },
  "mcwfences:recipes/mangrove": {
    "criteria": {
      "has_mangrove": "2025-06-30 09:29:31 +0500"
    },
    "done": true
  },
  "ae2wtlib:recipes/wireless_universal_terminal/upgrade_pattern_encoding": {
    "criteria": {
      "has_wpt": "2025-06-30 09:29:31 +0500"
    },
    "done": true
  },
  "forbidden_arcanus:recipes/decorations/deorum_lantern": {
    "criteria": {
      "has_torch": "2025-06-30 09:29:31 +0500"
    },
    "done": true
  },
  "mcwfences:recipes/deepslate": {
    "criteria": {
      "has_deepslate": "2025-06-30 09:29:31 +0500"
    },
    "done": true
  },
  "translocators:recipes/redstone/item_translocator": {
    "criteria": {
      "has_piston": "2025-06-30 09:29:31 +0500"
    },
    "done": true
  },
  "farmersdelight:main/root": {
    "criteria": {
      "seeds": "2025-06-30 09:29:31 +0500"
    },
    "done": true
  },
  "mcwfences:recipes/dark_oak": {
    "criteria": {
      "has_dark_oak": "2025-06-30 09:29:31 +0500"
    },
    "done": true
  },
  "mcwfences:recipes/crimson": {
    "criteria": {
      "has_crimson": "2025-06-30 09:29:31 +0500"
    },
    "done": true
  },
  "create:root": {
    "criteria": {
      "0": "2025-06-30 09:29:31 +0500"
    },
    "done": true
  },
  "ae2wtlib:recipes/wireless_universal_terminal/upgrade_pattern_access": {
    "criteria": {
      "has_wit": "2025-06-30 09:29:31 +0500"
    },
    "done": true
  },
  "mcwfences:recipes/metal": {
    "criteria": {
      "has_deepslate": "2025-06-30 09:29:31 +0500"
    },
    "done": true
  },
  "ae2wtlib:recipes/wireless_pattern_access_terminal": {
    "criteria": {
      "has_wt": "2025-06-30 09:29:31 +0500"
    },
    "done": true
  },
  "mcwbridges:recipes/bridge_torch": {
    "criteria": {
      "has_planks": "2025-06-30 09:29:31 +0500"
    },
    "done": true
  },
  "mcwfences:recipes/sandstone": {
    "criteria": {
      "has_sand": "2025-06-30 09:29:31 +0500"
    },
    "done": true
  },
  "mcwfences:recipes/acacia": {
    "criteria": {
      "has_acacia": "2025-06-30 09:29:31 +0500"
    },
    "done": true
  },
  "mcwfences:recipes/oak": {
    "criteria": {
      "has_oak": "2025-06-30 09:29:31 +0500"
    },
    "done": true
  },
  "translocators:recipes/misc/diamond": {
    "criteria": {
      "has_diamond_nugget": "2025-06-30 09:29:31 +0500"
    },
    "done": true
  },
  "translocators:recipes/misc/diamond_nugget": {
    "criteria": {
      "has_diamond": "2025-06-30 09:29:31 +0500"
    },
    "done": true
  },
  "ae2wtlib:recipes/magnet_card": {
    "criteria": {
      "has_wct": "2025-06-30 09:29:31 +0500"
    },
    "done": true
  },
  "mcwfences:recipes/quartz": {
    "criteria": {
      "has_qq": "2025-06-30 09:29:31 +0500"
    },
    "done": true
  },
  "mcwfences:recipes/nether": {
    "criteria": {
      "has_nether_brick": "2025-06-30 09:29:31 +0500"
    },
    "done": true
  },
  "mcwfences:recipes/bamboo": {
    "criteria": {
      "has_bamboo": "2025-06-30 09:29:31 +0500"
    },
    "done": true
  },
  "ae2wtlib:recipes/wireless_universal_terminal/ce": {
    "criteria": {
      "has_wpt": "2025-06-30 09:29:31 +0500",
      "has_wct": "2025-06-30 09:29:31 +0500"
    },
    "done": true
  },
  "ae2wtlib:recipes/wireless_universal_terminal/ca": {
    "criteria": {
      "has_wit": "2025-06-30 09:29:31 +0500",
      "has_wct": "2025-06-30 09:29:31 +0500"
    },
    "done": true
  },
  "mcwfences:recipes/spruce": {
    "criteria": {
      "has_spruce": "2025-06-30 09:29:31 +0500"
    },
    "done": true
  },
  "ae2wtlib:recipes/wireless_universal_terminal/ae": {
    "criteria": {
      "has_wit": "2025-06-30 09:29:31 +0500",
      "has_wpt": "2025-06-30 09:29:31 +0500"
    },
    "done": true
  },
  "ae2wtlib:recipes/quantum_bridge_card": {
    "criteria": {
      "has_wit": "2025-06-30 09:29:31 +0500",
      "has_wpt": "2025-06-30 09:29:31 +0500",
      "has_wct": "2025-06-30 09:29:31 +0500"
    },
    "done": true
  },
  "mcwfences:recipes/end": {
    "criteria": {
      "has_end_brick": "2025-06-30 09:29:31 +0500"
    },
    "done": true
  },
  "translocators:recipes/redstone/fluid_translocator": {
    "criteria": {
      "has_piston": "2025-06-30 09:29:31 +0500"
    },
    "done": true
  },
  "mcwfences:recipes/mud_brick": {
    "criteria": {
      "has_qq": "2025-06-30 09:29:31 +0500"
    },
    "done": true
  },
  "supplementaries:recipes/sconce": {
    "criteria": {
      "has_torch": "2025-06-30 09:29:31 +0500"
    },
    "done": true
  },
  "lootr:root": {
    "criteria": {
      "always_true": "2025-06-30 09:29:31 +0500"
    },
    "done": true
  },
  "mcwfences:recipes/blackstone": {
    "criteria": {
      "has_blackstone": "2025-06-30 09:29:31 +0500"
    },
    "done": true
  },
  "energymeter:recipes/energymeter/meter": {
    "criteria": {
      "has_item": "2025-06-30 09:29:31 +0500"
    },
    "done": true
  },
  "occultism:occultism/root": {
    "criteria": {
      "occultism_present": "2025-06-30 09:29:31 +0500"
    },
    "done": true
  },
  "tombstone:adventure/root": {
    "criteria": {
      "auto": "2025-06-30 09:29:34 +0500"
    },
    "done": true
  },
  "minecraft:adventure/adventuring_time": {
    "criteria": {
      "minecraft:plains": "2025-06-30 09:29:34 +0500"
    },
    "done": false
  },
  "utilitarian:recipes/misc/snad/drit": {
    "criteria": {
      "has_dirt": "2025-06-30 09:29:38 +0500"
    },
    "done": true
  },
  "croptopia:recipes/misc/roasted_sunflower_seeds": {
    "criteria": {
      "has_sunflower": "2025-06-30 09:29:38 +0500"
    },
    "done": true
  },
  "supplementaries:recipes/flower_box": {
    "criteria": {
      "has_dirt": "2025-06-30 09:29:38 +0500"
    },
    "done": true
  },
  "mcwroofs:recipes/grass": {
    "criteria": {
      "has_planks": "2025-06-30 09:29:38 +0500"
    },
    "done": true
  },
  "minecraft:recipes/misc/red_dye_from_rose_bush": {
    "criteria": {
      "has_rose_bush": "2025-06-30 09:29:38 +0500"
    },
    "done": true
  },
  "allthecompressed:recipes/building_blocks/compress/dirt_1x": {
    "criteria": {
      "has_dirt": "2025-06-30 09:29:38 +0500"
    },
    "done": true
  },
  "minecraft:recipes/misc/yellow_dye_from_sunflower": {
    "criteria": {
      "has_sunflower": "2025-06-30 09:29:38 +0500"
    },
    "done": true
  },
  "supplementaries:recipes/sign_post_oak": {
    "criteria": {
      "has_oak_sign": "2025-06-30 09:29:40 +0500"
    },
    "done": true
  },
  "forcecraft:recipes/transmutation/transmutation/cooked_beef_to_porkchop": {
    "criteria": {
      "has_beef": "2025-06-30 09:30:12 +0500"
    },
    "done": true
  },
  "minecraft:recipes/decorations/chest": {
    "criteria": {
      "has_lots_of_items": "2025-06-30 09:30:12 +0500"
    },
    "done": true
  },
  "forcecraft:recipes/transmutation/transmutation/stick_from_wooden_hoe": {
    "criteria": {
      "has_tool": "2025-06-30 09:30:12 +0500"
    },
    "done": true
  },
  "forcecraft:recipes/transmutation/transmutation/force_sapling_from_sapling": {
    "criteria": {
      "has_sapling": "2025-06-30 09:30:12 +0500"
    },
    "done": true
  },
  "occultism:recipes/spirit_fire/spirit_fire/otherworld_sapling_natural": {
    "criteria": {
      "has_oak_sapling": "2025-06-30 09:30:12 +0500"
    },
    "done": true
  },
  "croptopia:root": {
    "criteria": {
      "root": "2025-06-30 09:30:12 +0500"
    },
    "done": true
  },
  "forcecraft:recipes/transmutation/transmutation/stick_from_wooden_sword": {
    "criteria": {
      "has_tool": "2025-06-30 09:30:12 +0500"
    },
    "done": true
  },
  "naturescompass:natures_compass_sapling": {
    "criteria": {
      "has_sapling": "2025-06-30 09:30:12 +0500"
    },
    "done": true
  },
  "forcecraft:recipes/transmutation/transmutation/stick_from_wooden_axe": {
    "criteria": {
      "has_tool": "2025-06-30 09:30:12 +0500"
    },
    "done": true
  },
  "botania:recipes/tools/lexicon": {
    "criteria": {
      "has_item": "2025-06-30 09:30:12 +0500"
    },
    "done": true
  },
  "xycraft_override:recipes/building_blocks/shaped/chiseled_wood_pillar_light": {
    "criteria": {
      "has_TagKey[minecraft:item / minecraft:planks]": "2025-06-30 09:30:18 +0500"
    },
    "done": true
  },
  "mcwwindows:recipes/parapets": {
    "criteria": {
      "has_wood": "2025-06-30 09:30:18 +0500"
    },
    "done": true
  },
  "xycraft_override:recipes/building_blocks/shaped/chiseled_deepslate_blue_r": {
    "criteria": {
      "has_TagKey[minecraft:item / minecraft:planks]": "2025-06-30 09:30:18 +0500"
    },
    "done": true
  },
  "framedblocks:recipes/building_blocks/framed_cube": {
    "criteria": {
      "hasPlanks": "2025-06-30 09:30:18 +0500"
    },
    "done": true
  },
  "minecraft:recipes/building_blocks/oak_slab": {
    "criteria": {
      "has_planks": "2025-06-30 09:30:18 +0500"
    },
    "done": true
  },
  "minecraft:recipes/redstone/oak_door": {
    "criteria": {
      "has_planks": "2025-06-30 09:30:18 +0500"
    },
    "done": true
  },
  "supplementaries:recipes/turn_table": {
    "criteria": {
      "minecraft:planks": "2025-06-30 09:30:18 +0500"
    },
    "done": true
  },
  "mcwbridges:recipes/asian_red_bridge_pier": {
    "criteria": {
      "has_planks": "2025-06-30 09:30:18 +0500"
    },
    "done": true
  },
  "xycraft_override:recipes/building_blocks/shaped/chiseled_deepslate_dark_r": {
    "criteria": {
      "has_TagKey[minecraft:item / minecraft:planks]": "2025-06-30 09:30:18 +0500"
    },
    "done": true
  },
  "mcwbridges:recipes/asian_red_bridge": {
    "criteria": {
      "has_planks": "2025-06-30 09:30:18 +0500"
    },
    "done": true
  },
  "xycraft_override:recipes/building_blocks/shaped/chiseled_deepslate_dark": {
    "criteria": {
      "has_TagKey[minecraft:item / minecraft:planks]": "2025-06-30 09:30:18 +0500"
    },
    "done": true
  },
  "mcwwindows:recipes/shutters": {
    "criteria": {
      "has_wood": "2025-06-30 09:30:18 +0500"
    },
    "done": true
  },
  "xycraft_override:recipes/building_blocks/shaped/chiseled_wood_pillar_green": {
    "criteria": {
      "has_TagKey[minecraft:item / minecraft:planks]": "2025-06-30 09:30:18 +0500"
    },
    "done": true
  },
  "supplementaries:recipes/notice_board": {
    "criteria": {
      "minecraft:planks": "2025-06-30 09:30:18 +0500"
    },
    "done": true
  },
  "xycraft_override:recipes/building_blocks/shaped/chiseled_deepslate_green_r": {
    "criteria": {
      "has_TagKey[minecraft:item / minecraft:planks]": "2025-06-30 09:30:18 +0500"
    },
    "done": true
  },
  "xycraft_override:recipes/building_blocks/shaped/chiseled_wood_pillar_dark_r": {
    "criteria": {
      "has_TagKey[minecraft:item / minecraft:planks]": "2025-06-30 09:30:18 +0500"
    },
    "done": true
  },
  "allthecompressed:recipes/building_blocks/compress/oak_planks_1x": {
    "criteria": {
      "has_oak_planks": "2025-06-30 09:30:18 +0500"
    },
    "done": true
  },
  "exdeorum:recipes/tools/wooden_hammer": {
    "criteria": {
      "has_item": "2025-06-30 09:30:18 +0500"
    },
    "done": true
  },
  "mcwbridges:recipes/oak_log_bridge_middle": {
    "criteria": {
      "has_planks": "2025-06-30 09:30:18 +0500"
    },
    "done": true
  },
  "sophisticatedstorage:recipes/misc/generic_chest": {
    "criteria": {
      "has _plank": "2025-06-30 09:30:18 +0500"
    },
    "done": true
  },
  "supplementaries:recipes/clock_block": {
    "criteria": {
      "minecraft:planks": "2025-06-30 09:30:18 +0500"
    },
    "done": true
  },
  "silentgear:recipes/misc/upgrade_base": {
    "criteria": {
      "has_item": "2025-06-30 09:30:18 +0500"
    },
    "done": true
  },
  "oreberriesreplanted:recipes/misc/oak_vat": {
    "criteria": {
      "has_planks": "2025-06-30 09:30:18 +0500"
    },
    "done": true
  },
  "minecraft:recipes/building_blocks/oak_stairs": {
    "criteria": {
      "has_planks": "2025-06-30 09:30:18 +0500"
    },
    "done": true
  },
  "xycraft_override:recipes/building_blocks/shaped/chiseled_wood_pillar_red_r": {
    "criteria": {
      "has_TagKey[minecraft:item / minecraft:planks]": "2025-06-30 09:30:18 +0500"
    },
    "done": true
  },
  "minecraft:recipes/decorations/oak_fence": {
    "criteria": {
      "has_planks": "2025-06-30 09:30:18 +0500"
    },
    "done": true
  },
  "supplementaries:recipes/speaker_block": {
    "criteria": {
      "minecraft:planks": "2025-06-30 09:30:18 +0500"
    },
    "done": true
  },
  "sophisticatedstorage:recipes/misc/generic_limited_barrel_2": {
    "criteria": {
      "has _plank": "2025-06-30 09:30:18 +0500"
    },
    "done": true
  },
  "sophisticatedstorage:recipes/misc/generic_limited_barrel_3": {
    "criteria": {
      "has _plank": "2025-06-30 09:30:18 +0500"
    },
    "done": true
  },
  "sophisticatedstorage:recipes/misc/generic_limited_barrel_1": {
    "criteria": {
      "has _plank": "2025-06-30 09:30:18 +0500"
    },
    "done": true
  },
  "sophisticatedstorage:recipes/misc/generic_limited_barrel_4": {
    "criteria": {
      "has _plank": "2025-06-30 09:30:18 +0500"
    },
    "done": true
  },
  "supplementaries:recipes/pulley": {
    "criteria": {
      "minecraft:planks": "2025-06-30 09:30:18 +0500"
    },
    "done": true
  },
  "xycraft_override:recipes/building_blocks/shaped/chiseled_deepslate_light_r": {
    "criteria": {
      "has_TagKey[minecraft:item / minecraft:planks]": "2025-06-30 09:30:18 +0500"
    },
    "done": true
  },
  "minecraft:recipes/misc/stick": {
    "criteria": {
      "has_planks": "2025-06-30 09:30:18 +0500"
    },
    "done": true
  },
  "xycraft_override:recipes/building_blocks/shaped/chiseled_wood_pillar_red": {
    "criteria": {
      "has_TagKey[minecraft:item / minecraft:planks]": "2025-06-30 09:30:18 +0500"
    },
    "done": true
  },
  "xycraft_override:recipes/building_blocks/shaped/chiseled_deepslate_red": {
    "criteria": {
      "has_TagKey[minecraft:item / minecraft:planks]": "2025-06-30 09:30:18 +0500"
    },
    "done": true
  },
  "mcwtrpdoors:recipes/oak/oak_blossom_trapdoor": {
    "criteria": {
      "has_plankss": "2025-06-30 09:30:18 +0500"
    },
    "done": true
  },
  "xycraft_override:recipes/building_blocks/shaped/chiseled_deepslate_red_r": {
    "criteria": {
      "has_TagKey[minecraft:item / minecraft:planks]": "2025-06-30 09:30:18 +0500"
    },
    "done": true
  },
  "xycraft_override:recipes/building_blocks/shaped/chiseled_wood_pillar_blue": {
    "criteria": {
      "has_TagKey[minecraft:item / minecraft:planks]": "2025-06-30 09:30:18 +0500"
    },
    "done": true
  },
  "minecraft:recipes/redstone/oak_trapdoor": {
    "criteria": {
      "has_planks": "2025-06-30 09:30:18 +0500"
    },
    "done": true
  },
  "sophisticatedstorage:recipes/misc/oak_limited_barrel_1": {
    "criteria": {
      "has_oak_plank": "2025-06-30 09:30:18 +0500"
    },
    "done": true
  },
  "sophisticatedstorage:recipes/misc/oak_limited_barrel_2": {
    "criteria": {
      "has_oak_plank": "2025-06-30 09:30:18 +0500"
    },
    "done": true
  },
  "sophisticatedstorage:recipes/misc/oak_limited_barrel_3": {
    "criteria": {
      "has_oak_plank": "2025-06-30 09:30:18 +0500"
    },
    "done": true
  },
  "sophisticatedstorage:recipes/misc/oak_limited_barrel_4": {
    "criteria": {
      "has_oak_plank": "2025-06-30 09:30:18 +0500"
    },
    "done": true
  },
  "xycraft_override:recipes/building_blocks/shaped/chiseled_wood_pillar_light_r": {
    "criteria": {
      "has_TagKey[minecraft:item / minecraft:planks]": "2025-06-30 09:30:18 +0500"
    },
    "done": true
  },
  "forcecraft:recipes/tools/force_pack": {
    "criteria": {
      "has_planks": "2025-06-30 09:30:18 +0500"
    },
    "done": true
  },
  "supplementaries:recipes/bed_from_feather_block": {
    "criteria": {
      "minecraft:planks": "2025-06-30 09:30:18 +0500"
    },
    "done": true
  },
  "xycraft_override:recipes/building_blocks/shaped/chiseled_deepslate_green": {
    "criteria": {
      "has_TagKey[minecraft:item / minecraft:planks]": "2025-06-30 09:30:18 +0500"
    },
    "done": true
  },
  "xycraft_override:recipes/building_blocks/shaped/chiseled_deepslate_blue": {
    "criteria": {
      "has_TagKey[minecraft:item / minecraft:planks]": "2025-06-30 09:30:18 +0500"
    },
    "done": true
  },
  "mcwbridges:recipes/rope_oak_bridge": {
    "criteria": {
      "has_planks": "2025-06-30 09:30:18 +0500"
    },
    "done": true
  },
  "mcwbridges:recipes/oak_rail_bridge": {
    "criteria": {
      "has_planks": "2025-06-30 09:30:18 +0500"
    },
    "done": true
  },
  "sophisticatedstorage:recipes/misc/generic_barrel": {
    "criteria": {
      "has _plank": "2025-06-30 09:30:18 +0500"
    },
    "done": true
  },
  "minecraft:recipes/redstone/oak_pressure_plate": {
    "criteria": {
      "has_planks": "2025-06-30 09:30:18 +0500"
    },
    "done": true
  },
  "minecraft:recipes/decorations/oak_sign": {
    "criteria": {
      "has_planks": "2025-06-30 09:30:18 +0500"
    },
    "done": true
  },
  "supplementaries:recipes/lock_block": {
    "criteria": {
      "minecraft:planks": "2025-06-30 09:30:18 +0500"
    },
    "done": true
  },
  "mcwwindows:recipes/blinds": {
    "criteria": {
      "has_wood": "2025-06-30 09:30:18 +0500"
    },
    "done": true
  },
  "exdeorum:recipes/misc/oak_sieve": {
    "criteria": {
      "has_item": "2025-06-30 09:30:18 +0500"
    },
    "done": true
  },
  "xycraft_override:recipes/building_blocks/shaped/chiseled_wood_pillar_blue_r": {
    "criteria": {
      "has_TagKey[minecraft:item / minecraft:planks]": "2025-06-30 09:30:18 +0500"
    },
    "done": true
  },
  "xycraft_override:recipes/building_blocks/shaped/chiseled_wood_pillar_green_r": {
    "criteria": {
      "has_TagKey[minecraft:item / minecraft:planks]": "2025-06-30 09:30:18 +0500"
    },
    "done": true
  },
  "mcwroofs:recipes/oak_planks": {
    "criteria": {
      "has_planks": "2025-06-30 09:30:18 +0500"
    },
    "done": true
  },
  "sophisticatedstorage:recipes/misc/oak_chest": {
    "criteria": {
      "has_oak_plank": "2025-06-30 09:30:18 +0500"
    },
    "done": true
  },
  "minecraft:recipes/redstone/oak_fence_gate": {
    "criteria": {
      "has_planks": "2025-06-30 09:30:18 +0500"
    },
    "done": true
  },
  "minecraft:recipes/decorations/barrel": {
    "criteria": {
      "has_planks": "2025-06-30 09:30:18 +0500"
    },
    "done": true
  },
  "xycraft_override:recipes/building_blocks/shaped/chiseled_wood_pillar_dark": {
    "criteria": {
      "has_TagKey[minecraft:item / minecraft:planks]": "2025-06-30 09:30:18 +0500"
    },
    "done": true
  },
  "sophisticatedstorage:recipes/misc/oak_barrel": {
    "criteria": {
      "has_oak_plank": "2025-06-30 09:30:18 +0500"
    },
    "done": true
  },
  "minecraft:recipes/redstone/oak_button": {
    "criteria": {
      "has_planks": "2025-06-30 09:30:18 +0500"
    },
    "done": true
  },
  "forbidden_arcanus:recipes/tools/wooden_blacksmith_gavel": {
    "criteria": {
      "has_planks": "2025-06-30 09:30:18 +0500"
    },
    "done": true
  },
  "create:recipes/building_blocks/oak_window": {
    "criteria": {
      "has_ingredient": "2025-06-30 09:30:18 +0500"
    },
    "done": true
  },
  "xycraft_override:recipes/building_blocks/shaped/chiseled_deepslate_light": {
    "criteria": {
      "has_TagKey[minecraft:item / minecraft:planks]": "2025-06-30 09:30:18 +0500"
    },
    "done": true
  },
  "mcwtrpdoors:recipes/oak/oak_beach_trapdoor": {
    "criteria": {
      "has_logs": "2025-06-30 09:30:41 +0500"
    },
    "done": true
  },
  "mcwtrpdoors:recipes/oak/oak_barred_trapdoor": {
    "criteria": {
      "has_logs": "2025-06-30 09:30:41 +0500"
    },
    "done": true
  },
  "mcwtrpdoors:recipes/acacia/oak_bark_trapdoor": {
    "criteria": {
      "has_logs": "2025-06-30 09:30:41 +0500"
    },
    "done": true
  },
  "mcwtrpdoors:recipes/oak/oak_barrel_trapdoor": {
    "criteria": {
      "has_logs": "2025-06-30 09:30:41 +0500"
    },
    "done": true
  },
  "utilitarian:recipes/misc/utility/oak_logs_to_trapdoors": {
    "criteria": {
      "has_log": "2025-06-30 09:30:41 +0500"
    },
    "done": true
  },
  "utilitarian:recipes/misc/utility/oak_logs_to_slabs": {
    "criteria": {
      "has_log": "2025-06-30 09:30:41 +0500"
    },
    "done": true
  },
  "mcwwindows:recipes/components": {
    "criteria": {
      "has_wood": "2025-06-30 09:30:41 +0500"
    },
    "done": true
  },
  "mcwtrpdoors:recipes/oak/oak_glass_trapdoor": {
    "criteria": {
      "has_logs": "2025-06-30 09:30:41 +0500"
    },
    "done": true
  },
  "utilitarian:recipes/misc/utility/logs_to_bowls": {
    "criteria": {
      "has_log": "2025-06-30 09:30:41 +0500"
    },
    "done": true
  },
  "minecraft:recipes/misc/charcoal": {
    "criteria": {
      "has_log": "2025-06-30 09:30:41 +0500"
    },
    "done": true
  },
  "mcwtrpdoors:recipes/oak/oak_whispering_trapdoor": {
    "criteria": {
      "has_logs": "2025-06-30 09:30:41 +0500"
    },
    "done": true
  },
  "utilitarian:recipes/misc/utility/oak_logs_to_pressure_plates": {
    "criteria": {
      "has_log": "2025-06-30 09:30:41 +0500"
    },
    "done": true
  },
  "mcwtrpdoors:recipes/oak/oak_cottage_trapdoor": {
    "criteria": {
      "has_logs": "2025-06-30 09:30:41 +0500"
    },
    "done": true
  },
  "utilitarian:recipes/misc/utility/oak_logs_to_doors": {
    "criteria": {
      "has_log": "2025-06-30 09:30:41 +0500"
    },
    "done": true
  },
  "mcwtrpdoors:recipes/oak/oak_barn_trapdoor": {
    "criteria": {
      "has_logs": "2025-06-30 09:30:41 +0500"
    },
    "done": true
  },
  "mcwtrpdoors:recipes/oak/oak_tropical_trapdoor": {
    "criteria": {
      "has_logs": "2025-06-30 09:30:41 +0500"
    },
    "done": true
  },
  "enderio:recipes/misc/stick": {
    "criteria": {
      "has_ingredient": "2025-06-30 09:30:41 +0500"
    },
    "done": true
  },
  "mcwbridges:recipes/oak_bridge_pier": {
    "criteria": {
      "has_planks": "2025-06-30 09:30:41 +0500"
    },
    "done": true
  },
  "mcwdoors:recipes/oak": {
    "criteria": {
      "has_wood": "2025-06-30 09:30:41 +0500"
    },
    "done": true
  },
  "mcwtrpdoors:recipes/oak/oak_mystic_trapdoor": {
    "criteria": {
      "has_logs": "2025-06-30 09:30:41 +0500"
    },
    "done": true
  },
  "utilitarian:recipes/misc/utility/oak_logs_to_stairs": {
    "criteria": {
      "has_log": "2025-06-30 09:30:41 +0500"
    },
    "done": true
  },
  "minecraft:recipes/building_blocks/oak_planks": {
    "criteria": {
      "has_logs": "2025-06-30 09:30:41 +0500"
    },
    "done": true
  },
  "utilitarian:recipes/misc/utility/oak_logs_to_boats": {
    "criteria": {
      "has_log": "2025-06-30 09:30:41 +0500"
    },
    "done": true
  },
  "mcwwindows:recipes/oak": {
    "criteria": {
      "has_wood": "2025-06-30 09:30:41 +0500"
    },
    "done": true
  },
  "mcwtrpdoors:recipes/oak/oak_four_panel_trapdoor": {
    "criteria": {
      "has_logs": "2025-06-30 09:30:41 +0500"
    },
    "done": true
  },
  "exdeorum:recipes/misc/oak_compressed_sieve": {
    "criteria": {
      "has_item": "2025-06-30 09:30:41 +0500"
    },
    "done": true
  },
  "mcwtrpdoors:recipes/oak/oak_swamp_trapdoor": {
    "criteria": {
      "has_logs": "2025-06-30 09:30:41 +0500"
    },
    "done": true
  },
  "mcwtrpdoors:recipes/oak/oak_paper_trapdoor": {
    "criteria": {
      "has_logs": "2025-06-30 09:30:41 +0500"
    },
    "done": true
  },
  "naturescompass:natures_compass_log": {
    "criteria": {
      "has_log": "2025-06-30 09:30:41 +0500"
    },
    "done": true
  },
  "allthecompressed:recipes/building_blocks/compress/oak_log_1x": {
    "criteria": {
      "has_oak_log": "2025-06-30 09:30:41 +0500"
    },
    "done": true
  },
  "mcwfurnitures:recipes/oak": {
    "criteria": {
      "has_wood": "2025-06-30 09:30:41 +0500"
    },
    "done": true
  },
  "minecraft:recipes/building_blocks/oak_wood": {
    "criteria": {
      "has_log": "2025-06-30 09:30:41 +0500"
    },
    "done": true
  },
  "utilitarian:recipes/food/utility/charcoal_from_campfire": {
    "criteria": {
      "has_logs": "2025-06-30 09:30:41 +0500"
    },
    "done": true
  },
  "mcwtrpdoors:recipes/print_classic": {
    "criteria": {
      "has_logs": "2025-06-30 09:30:41 +0500"
    },
    "done": true
  },
  "mcwroofs:recipes/oak": {
    "criteria": {
      "has_planks": "2025-06-30 09:30:41 +0500"
    },
    "done": true
  },
  "mcwtrpdoors:recipes/oak/oak_ranch_trapdoor": {
    "criteria": {
      "has_logs": "2025-06-30 09:30:41 +0500"
    },
    "done": true
  },
  "supplementaries:recipes/flags/flag_magenta": {
    "criteria": {
      "has_stick": "2025-06-30 09:30:42 +0500"
    },
    "done": true
  },
  "farmersdelight:recipes/cooking/apple_cider": {
    "criteria": {
      "has_apple": "2025-06-30 09:30:42 +0500"
    },
    "done": true
  },
  "utilitix:recipes/misc/directional_highspeed_rail": {
    "criteria": {
      "criterion1": "2025-06-30 09:30:42 +0500"
    },
    "done": true
  },
  "utilitix:recipes/misc/armed_stand": {
    "criteria": {
      "criterion1": "2025-06-30 09:30:42 +0500"
    },
    "done": true
  },
  "minecraft:recipes/combat/wooden_sword": {
    "criteria": {
      "has_stick": "2025-06-30 09:30:42 +0500"
    },
    "done": true
  },
  "supplementaries:recipes/flags/flag_green": {
    "criteria": {
      "has_stick": "2025-06-30 09:30:42 +0500"
    },
    "done": true
  },
  "supplementaries:recipes/flags/flag_white": {
    "criteria": {
      "has_stick": "2025-06-30 09:30:42 +0500"
    },
    "done": true
  },
  "supplementaries:recipes/timber_cross_brace": {
    "criteria": {
      "forge:rods/wooden": "2025-06-30 09:30:42 +0500"
    },
    "done": true
  },
  "utilitix:recipes/misc/directional_rail": {
    "criteria": {
      "criterion1": "2025-06-30 09:30:42 +0500"
    },
    "done": true
  },
  "utilitix:recipes/misc/reinforced_rail": {
    "criteria": {
      "criterion2": "2025-06-30 09:30:42 +0500"
    },
    "done": true
  },
  "croptopia:recipes/fruit_smoothie": {
    "criteria": {
      "has_fruit": "2025-06-30 09:30:42 +0500"
    },
    "done": true
  },
  "productivetrees:recipes/misc/crates/red_delicious_apple_crate_unpack": {
    "criteria": {
      "has_apple": "2025-06-30 09:30:42 +0500"
    },
    "done": true
  },
  "enderio:recipes/misc/wood_gear": {
    "criteria": {
      "has_ingredient": "2025-06-30 09:30:42 +0500"
    },
    "done": true
  },
  "minecraft:recipes/tools/wooden_pickaxe": {
    "criteria": {
      "has_stick": "2025-06-30 09:30:42 +0500"
    },
    "done": true
  },
  "supplementaries:recipes/flags/flag_cyan": {
    "criteria": {
      "has_stick": "2025-06-30 09:30:42 +0500"
    },
    "done": true
  },
  "supplementaries:recipes/flags/flag_orange": {
    "criteria": {
      "has_stick": "2025-06-30 09:30:42 +0500"
    },
    "done": true
  },
  "immersiveengineering:recipes/misc/crafting/torch": {
    "criteria": {
      "has_stick": "2025-06-30 09:30:42 +0500"
    },
    "done": true
  },
  "croptopia:recipes/misc/apple_sapling": {
    "criteria": {
      "has_apple": "2025-06-30 09:30:42 +0500"
    },
    "done": true
  },
  "minecraft:recipes/tools/wooden_shovel": {
    "criteria": {
      "has_stick": "2025-06-30 09:30:42 +0500"
    },
    "done": true
  },
  "utilitix:recipes/misc/hand_bell": {
    "criteria": {
      "criterion0": "2025-06-30 09:30:42 +0500"
    },
    "done": true
  },
  "forbidden_arcanus:recipes/building_blocks/edelwood_ladder": {
    "criteria": {
      "has_rods/wooden": "2025-06-30 09:30:42 +0500"
    },
    "done": true
  },
  "croptopia:recipes/misc/apple_pie": {
    "criteria": {
      "has_apple": "2025-06-30 09:30:42 +0500"
    },
    "done": true
  },
  "supplementaries:recipes/flags/flag_blue": {
    "criteria": {
      "has_stick": "2025-06-30 09:30:42 +0500"
    },
    "done": true
  },
  "croptopia:recipes/documentation": {
    "criteria": {
      "has_crop": "2025-06-30 09:30:42 +0500"
    },
    "done": true
  },
  "supplementaries:recipes/flags/flag_light_gray": {
    "criteria": {
      "has_stick": "2025-06-30 09:30:42 +0500"
    },
    "done": true
  },
  "farmersdelight:recipes/decorations/cutting_board": {
    "criteria": {
      "has_stick": "2025-06-30 09:30:42 +0500"
    },
    "done": true
  },
  "supplementaries:recipes/flags/flag_lime": {
    "criteria": {
      "has_stick": "2025-06-30 09:30:42 +0500"
    },
    "done": true
  },
  "minecraft:recipes/decorations/ladder": {
    "criteria": {
      "has_stick": "2025-06-30 09:30:42 +0500"
    },
    "done": true
  },
  "croptopia:recipes/misc/apple_juice": {
    "criteria": {
      "has_apple": "2025-06-30 09:30:42 +0500"
    },
    "done": true
  },
  "minecraft:recipes/tools/wooden_axe": {
    "criteria": {
      "has_stick": "2025-06-30 09:30:42 +0500"
    },
    "done": true
  },
  "mcwwindows:recipes/curtain_rods": {
    "criteria": {
      "has_wood": "2025-06-30 09:30:42 +0500"
    },
    "done": true
  },
  "utilitix:recipes/misc/weak_redstone_torch": {
    "criteria": {
      "criterion1": "2025-06-30 09:30:42 +0500"
    },
    "done": true
  },
  "supplementaries:recipes/daub_cross_brace": {
    "criteria": {
      "forge:rods/wooden": "2025-06-30 09:30:42 +0500"
    },
    "done": true
  },
  "minecraft:recipes/decorations/campfire": {
    "criteria": {
      "has_stick": "2025-06-30 09:30:42 +0500"
    },
    "done": true
  },
  "utilitarian:recipes/misc/no_soliciting/no_soliciting_banner": {
    "criteria": {
      "has_stick": "2025-06-30 09:30:42 +0500"
    },
    "done": true
  },
  "supplementaries:recipes/timber_brace": {
    "criteria": {
      "forge:rods/wooden": "2025-06-30 09:30:42 +0500"
    },
    "done": true
  },
  "exdeorum:recipes/tools/crook": {
    "criteria": {
      "has_item": "2025-06-30 09:30:42 +0500"
    },
    "done": true
  },
  "supplementaries:recipes/flags/flag_black": {
    "criteria": {
      "has_stick": "2025-06-30 09:30:42 +0500"
    },
    "done": true
  },
  "supplementaries:recipes/flags/flag_purple": {
    "criteria": {
      "has_stick": "2025-06-30 09:30:42 +0500"
    },
    "done": true
  },
  "supplementaries:recipes/flags/flag_gray": {
    "criteria": {
      "has_stick": "2025-06-30 09:30:42 +0500"
    },
    "done": true
  },
  "supplementaries:recipes/faucet": {
    "criteria": {
      "forge:rods/wooden": "2025-06-30 09:30:42 +0500"
    },
    "done": true
  },
  "utilitix:recipes/misc/highspeed_rail": {
    "criteria": {
      "criterion1": "2025-06-30 09:30:42 +0500"
    },
    "done": true
  },
  "supplementaries:recipes/flags/flag_light_blue": {
    "criteria": {
      "has_stick": "2025-06-30 09:30:42 +0500"
    },
    "done": true
  },
  "supplementaries:recipes/daub_brace": {
    "criteria": {
      "forge:rods/wooden": "2025-06-30 09:30:42 +0500"
    },
    "done": true
  },
  "supplementaries:recipes/flags/flag_red": {
    "criteria": {
      "has_stick": "2025-06-30 09:30:42 +0500"
    },
    "done": true
  },
  "supplementaries:recipes/crank": {
    "criteria": {
      "forge:rods/wooden": "2025-06-30 09:30:42 +0500"
    },
    "done": true
  },
  "supplementaries:recipes/flags/flag_pink": {
    "criteria": {
      "has_stick": "2025-06-30 09:30:42 +0500"
    },
    "done": true
  },
  "supplementaries:recipes/timber_frame": {
    "criteria": {
      "forge:rods/wooden": "2025-06-30 09:30:42 +0500"
    },
    "done": true
  },
  "minecraft:recipes/tools/wooden_hoe": {
    "criteria": {
      "has_stick": "2025-06-30 09:30:42 +0500"
    },
    "done": true
  },
  "enderio:recipes/misc/wood_gear_corner": {
    "criteria": {
      "has_ingredient": "2025-06-30 09:30:42 +0500"
    },
    "done": true
  },
  "supplementaries:recipes/slingshot": {
    "criteria": {
      "forge:rods/wooden": "2025-06-30 09:30:42 +0500"
    },
    "done": true
  },
  "ae2:recipes/misc/network/blocks/crank": {
    "criteria": {
      "has_stick": "2025-06-30 09:30:42 +0500"
    },
    "done": true
  },
  "silentgear:recipes/misc/rough_rod": {
    "criteria": {
      "has_item": "2025-06-30 09:30:42 +0500"
    },
    "done": true
  },
  "supplementaries:recipes/flags/flag_brown": {
    "criteria": {
      "has_stick": "2025-06-30 09:30:42 +0500"
    },
    "done": true
  },
  "farmersdelight:recipes/combat/flint_knife": {
    "criteria": {
      "has_stick": "2025-06-30 09:30:42 +0500"
    },
    "done": true
  },
  "productivetrees:recipes/misc/crates/red_delicious_apple_crate": {
    "criteria": {
      "has_apple": "2025-06-30 09:30:42 +0500"
    },
    "done": true
  },
  "forcecraft:recipes/building_blocks/force_torch": {
    "criteria": {
      "has_stick": "2025-06-30 09:30:42 +0500"
    },
    "done": true
  },
  "supplementaries:recipes/daub_frame": {
    "criteria": {
      "forge:rods/wooden": "2025-06-30 09:30:42 +0500"
    },
    "done": true
  },
  "supplementaries:recipes/flags/flag_yellow": {
    "criteria": {
      "has_stick": "2025-06-30 09:30:42 +0500"
    },
    "done": true
  },
  "croptopia:recipes/fruit_salad": {
    "criteria": {
      "has_apple": "2025-06-30 09:30:42 +0500"
    },
    "done": true
  },
  "reliquary:recipes/mob_charm": {
    "criteria": {
      "has_mob_charm_fragment": "2025-06-30 09:31:14 +0500"
    },
    "done": true
  },
  "tombstone:adventure/first_knowledge": {
    "criteria": {
      "coded_trigger": "2025-06-30 09:31:14 +0500"
    },
    "done": true
  },
  "tombstone:adventure/ambush": {
    "criteria": {
      "coded_trigger": "2025-06-30 09:31:14 +0500"
    },
    "done": true
  },
  "reliquary:recipes/misc/mob_charm_belt": {
    "criteria": {
      "has_mob_charm_fragment": "2025-06-30 09:31:14 +0500"
    },
    "done": true
  },
  "minecraft:adventure/kill_a_mob": {
    "criteria": {
      "minecraft:pillager": "2025-06-30 09:31:14 +0500"
    },
    "done": true
  },
  "minecraft:adventure/kill_all_mobs": {
    "criteria": {
      "minecraft:pillager": "2025-06-30 09:31:14 +0500"
    },
    "done": false
  },
  "minecraft:adventure/root": {
    "criteria": {
      "killed_something": "2025-06-30 09:31:14 +0500"
    },
    "done": true
  },
  "farmersdelight:recipes/food/fried_egg_from_campfire_cooking": {
    "criteria": {
      "fried_egg": "2025-06-30 09:31:27 +0500"
    },
    "done": true
  },
  "croptopia:recipes/misc/meringue": {
    "criteria": {
      "has_egg": "2025-06-30 09:31:27 +0500"
    },
    "done": true
  },
  "farmersdelight:recipes/cooking/fried_rice": {
    "criteria": {
      "has_any_ingredient": "2025-06-30 09:31:27 +0500"
    },
    "done": true
  },
  "farmersdelight:recipes/food/fried_egg": {
    "criteria": {
      "fried_egg": "2025-06-30 09:31:27 +0500"
    },
    "done": true
  },
  "farmersdelight:recipes/cooking/baked_cod_stew": {
    "criteria": {
      "has_any_ingredient": "2025-06-30 09:31:27 +0500"
    },
    "done": true
  },
  "supplementaries:recipes/pancake_fd": {
    "criteria": {
      "forge:eggs": "2025-06-30 09:31:27 +0500"
    },
    "done": true
  },
  "croptopia:recipes/egg_roll": {
    "criteria": {
      "has_egg": "2025-06-30 09:31:27 +0500"
    },
    "done": true
  },
  "croptopia:recipes/chilli_relleno": {
    "criteria": {
      "has_egg": "2025-06-30 09:31:27 +0500"
    },
    "done": true
  },
  "croptopia:recipes/scrambled_eggs": {
    "criteria": {
      "has_egg": "2025-06-30 09:31:27 +0500"
    },
    "done": true
  },
  "farmersdelight:recipes/food/fried_egg_from_smoking": {
    "criteria": {
      "fried_egg": "2025-06-30 09:31:27 +0500"
    },
    "done": true
  },
  "minecraft:recipes/food/cake": {
    "criteria": {
      "has_egg": "2025-06-30 09:31:27 +0500"
    },
    "done": true
  },
  "minecraft:husbandry/balanced_diet": {
    "criteria": {
      "cooked_beef": "2025-06-30 09:33:00 +0500",
      "apple": "2025-06-30 09:32:08 +0500"
    },
    "done": false
  },
  "minecraft:husbandry/root": {
    "criteria": {
      "consumed_item": "2025-06-30 09:32:08 +0500"
    },
    "done": true
  },
  "botania:recipes/decorations/apothecary_deepslate": {
    "criteria": {
      "has_item": "2025-06-30 09:32:23 +0500"
    },
    "done": true
  },
  "botania:recipes/tools/dreamwood_wand": {
    "criteria": {
      "has_item": "2025-06-30 09:32:23 +0500"
    },
    "done": true
  },
  "botania:recipes/misc/conversions/gray_petal_block_deconstruct": {
    "criteria": {
      "has_item": "2025-06-30 09:32:23 +0500"
    },
    "done": true
  },
  "botania:recipes/decorations/apothecary_mossy": {
    "criteria": {
      "has_item": "2025-06-30 09:32:23 +0500"
    },
    "done": true
  },
  "botania:recipes/tools/twig_wand": {
    "criteria": {
      "has_item": "2025-06-30 09:32:23 +0500"
    },
    "done": true
  },
  "botania:recipes/misc/petal_gray": {
    "criteria": {
      "has_alt_item": "2025-06-30 09:32:23 +0500"
    },
    "done": true
  },
  "forcecraft:recipes/transmutation/transmutation/experience_bottle_from_enchanted_book": {
    "criteria": {
      "has_enchanted_book": "2025-06-30 09:32:23 +0500"
    },
    "done": true
  },
  "botania:recipes/decorations/gray_petal_block": {
    "criteria": {
      "has_item": "2025-06-30 09:32:23 +0500"
    },
    "done": true
  },
  "botania:recipes/decorations/apothecary_default": {
    "criteria": {
      "has_item": "2025-06-30 09:32:23 +0500"
    },
    "done": true
  },
  "botania:recipes/misc/dye_gray": {
    "criteria": {
      "has_item": "2025-06-30 09:32:23 +0500"
    },
    "done": true
  },
  "botania:recipes/misc/petal_gray_double": {
    "criteria": {
      "has_alt_item": "2025-06-30 09:32:23 +0500"
    },
    "done": true
  },
  "minecraft:story/lava_bucket": {
    "criteria": {
      "lava_bucket": "2025-06-30 09:32:51 +0500"
    },
    "done": true
  },
  "cobblefordays:recipes/misc/tier_3": {
    "criteria": {
      "has_lava": "2025-06-30 09:32:51 +0500"
    },
    "done": true
  },
  "cobblefordays:recipes/misc/tier_4": {
    "criteria": {
      "has_lava": "2025-06-30 09:32:51 +0500"
    },
    "done": true
  },
  "cobblefordays:recipes/misc/tier_5": {
    "criteria": {
      "has_lava": "2025-06-30 09:32:51 +0500"
    },
    "done": true
  },
  "cobblefordays:recipes/misc/tier_1": {
    "criteria": {
      "has_lava": "2025-06-30 09:32:51 +0500"
    },
    "done": true
  },
  "cobblefordays:recipes/misc/tier_2": {
    "criteria": {
      "has_lava": "2025-06-30 09:32:51 +0500"
    },
    "done": true
  },
  "croptopia:recipes/campfire_molasses": {
    "criteria": {
      "has_sugar_cane": "2025-06-30 09:32:51 +0500"
    },
    "done": true
  },
  "minecraft:recipes/misc/paper": {
    "criteria": {
      "has_reeds": "2025-06-30 09:32:51 +0500"
    },
    "done": true
  },
  "minecraft:recipes/misc/sugar_from_sugar_cane": {
    "criteria": {
      "has_sugar_cane": "2025-06-30 09:32:51 +0500"
    },
    "done": true
  },
  "projecte:recipes/tools/iron_band": {
    "criteria": {
      "has_lava": "2025-06-30 09:32:51 +0500"
    },
    "done": true
  },
  "minecraft:recipes/misc/green_dye": {
    "criteria": {
      "has_cactus": "2025-06-30 09:32:51 +0500"
    },
    "done": true
  },
  "croptopia:recipes/food/molasses_from_sugar_cane": {
    "criteria": {
      "has_sugar_cane": "2025-06-30 09:32:51 +0500"
    },
    "done": true
  },
  "croptopia:recipes/food/molasses_from_smoking_sugar_cane": {
    "criteria": {
      "has_sugar_cane": "2025-06-30 09:32:51 +0500"
    },
    "done": true
  },
  "appflux:recipes/misc/insulating_resin": {
    "criteria": {
      "has_item": "2025-06-30 09:32:51 +0500"
    },
    "done": true
  },
  "minecraft:recipes/building_blocks/packed_ice": {
    "criteria": {
      "has_ice": "2025-06-30 09:32:51 +0500"
    },
    "done": true
  },
  "tombstone:adventure/first_grave": {
    "criteria": {
      "coded_trigger": "2025-06-30 09:33:43 +0500"
    },
    "done": true
  },
  "tombstone:recipes/from_grave_key": {
    "criteria": {
      "has_ingredient": "2025-06-30 09:33:45 +0500"
    },
    "done": true
  },
  "tombstone:adventure/cancel_ghostly_shape": {
    "criteria": {
      "coded_trigger": "2025-06-30 09:33:55 +0500"
    },
    "done": true
  },
  "minecraft:adventure/voluntary_exile": {
    "criteria": {
      "voluntary_exile": "2025-06-30 09:34:07 +0500"
    },
    "done": true
  },
  "forcecraft:recipes/transmutation/transmutation/tripwire_hook_from_crossbow": {
    "criteria": {
      "has_bow": "2025-06-30 09:34:08 +0500"
    },
    "done": true
  },
  "apotheosis:affix/root": {
    "criteria": {
      "sword": "2025-06-30 09:34:20 +0500"
    },
    "done": true
  },
  "minecraft:recipes/misc/iron_nugget_from_smelting": {
    "criteria": {
      "has_chainmail_chestplate": "2025-06-30 09:34:20 +0500"
    },
    "done": true
  },
  "forcecraft:recipes/transmutation/transmutation/iron_ingot_from_chainmail_chestplate": {
    "criteria": {
      "has_armor": "2025-06-30 09:34:20 +0500"
    },
    "done": true
  },
  "apotheosis:affix/random": {
    "criteria": {
      "sword": "2025-06-30 09:34:20 +0500"
    },
    "done": true
  },
  "minecraft:recipes/misc/iron_nugget_from_blasting": {
    "criteria": {
      "has_chainmail_chestplate": "2025-06-30 09:34:20 +0500"
    },
    "done": true
  },
  "silentgear:root": {
    "criteria": {
      "get_item": "2025-06-30 09:35:43 +0500"
    },
    "done": true
  },
  "xycraft_machines:recipes/misc/shaped/fabricator": {
    "criteria": {
      "has_crafting_table": "2025-06-30 09:35:43 +0500"
    },
    "done": true
  },
  "minecraft:story/root": {
    "criteria": {
      "crafting_table": "2025-06-30 09:35:43 +0500"
    },
    "done": true
  },
  "rftoolsbase:recipes/rftoolsbase/crafting_card": {
    "criteria": {
      "crafter": "2025-06-30 09:35:43 +0500"
    },
    "done": true
  },
  "create:recipes/misc/crafting/appliances/crafting_blueprint": {
    "criteria": {
      "has_item": "2025-06-30 09:35:43 +0500"
    },
    "done": true
  },
  "forcecraft:recipes/transmutation/transmutation/stick_from_wooden_pickaxe": {
    "criteria": {
      "has_tool": "2025-06-30 09:36:28 +0500"
    },
    "done": true
  },
  "minecraft:recipes/transportation/bamboo_raft": {
    "criteria": {
      "in_water": "2025-06-30 09:36:48 +0500"
    },
    "done": true
  },
  "minecraft:recipes/transportation/birch_boat": {
    "criteria": {
      "in_water": "2025-06-30 09:36:48 +0500"
    },
    "done": true
  },
  "minecraft:recipes/transportation/oak_boat": {
    "criteria": {
      "in_water": "2025-06-30 09:36:48 +0500"
    },
    "done": true
  },
  "minecraft:recipes/transportation/cherry_boat": {
    "criteria": {
      "in_water": "2025-06-30 09:36:48 +0500"
    },
    "done": true
  },
  "minecraft:recipes/transportation/acacia_boat": {
    "criteria": {
      "in_water": "2025-06-30 09:36:48 +0500"
    },
    "done": true
  },
  "minecraft:recipes/transportation/jungle_boat": {
    "criteria": {
      "in_water": "2025-06-30 09:36:48 +0500"
    },
    "done": true
  },
  "minecraft:recipes/transportation/spruce_boat": {
    "criteria": {
      "in_water": "2025-06-30 09:36:48 +0500"
    },
    "done": true
  },
  "minecraft:recipes/transportation/mangrove_boat": {
    "criteria": {
      "in_water": "2025-06-30 09:36:48 +0500"
    },
    "done": true
  },
  "minecraft:recipes/transportation/dark_oak_boat": {
    "criteria": {
      "in_water": "2025-06-30 09:36:48 +0500"
    },
    "done": true
  },
  "trashcans:recipes/misc/liquid_trash_can": {
    "criteria": {
      "recipe_condition": "2025-06-30 09:37:07 +0500"
    },
    "done": true
  },
  "enderio:recipes/misc/basic_fluid_filter": {
    "criteria": {
      "has_ingredient": "2025-06-30 09:37:07 +0500"
    },
    "done": true
  },
  "xycraft_machines:recipes/misc/shaped/port_fluid": {
    "criteria": {
      "has_bucket": "2025-06-30 09:37:07 +0500"
    },
    "done": true
  },
  "forcecraft:recipes/transmutation/transmutation/iron_ingot_from_bucket": {
    "criteria": {
      "has_bucket": "2025-06-30 09:37:07 +0500"
    },
    "done": true
  },
  "immersiveengineering:recipes/misc/crafting/jerrycan": {
    "criteria": {
      "has_bucket": "2025-06-30 09:37:07 +0500"
    },
    "done": true
  },
  "sfm:recipes/misc/water_tank": {
    "criteria": {
      "has_water": "2025-06-30 09:37:08 +0500"
    },
    "done": true
  },
  "supplementaries:recipes/soap": {
    "criteria": {
      "has_water_bucket": "2025-06-30 09:37:08 +0500"
    },
    "done": true
  },
  "minecraft:recipes/brewing/cauldron": {
    "criteria": {
      "has_water_bucket": "2025-06-30 09:37:08 +0500"
    },
    "done": true
  },
  "immersiveengineering:recipes/misc/crafting/radiator": {
    "criteria": {
      "has_water_bucket": "2025-06-30 09:37:08 +0500"
    },
    "done": true
  },
  "croptopia:recipes/shaped_water_bottle": {
    "criteria": {
      "has_water": "2025-06-30 09:37:08 +0500"
    },
    "done": true
  },
  "tombstone:adventure/fortuitous_militia": {
    "criteria": {
      "coded_trigger": "2025-06-30 09:37:17 +0500"
    },
    "done": true
  },
  "forcecraft:recipes/transmutation/transmutation/iron_ingot_from_chainmail_boots": {
    "criteria": {
      "has_armor": "2025-06-30 09:38:21 +0500"
    },
    "done": true
  },
  "minecraft:recipes/misc/pink_dye_from_pink_petals": {
    "criteria": {
      "has_pink_petals": "2025-06-30 09:39:57 +0500"
    },
    "done": true
  },
  "create:recipes/building_blocks/crafting/kinetics/yellow_seat_from_other_seat": {
    "criteria": {
      "has_seat": "2025-06-30 10:20:19 +0500"
    },
    "done": true
  },
  "constructionwand:recipes/tools/stone_wand": {
    "criteria": {
      "has_item": "2025-06-30 10:10:35 +0500"
    },
    "done": true
  },
  "oreberriesreplanted:recipes/misc/cherry_vat": {
    "criteria": {
      "has_slab": "2025-06-30 10:24:53 +0500"
    },
    "done": true
  },
  "croptopia:recipes/campfire_toast": {
    "criteria": {
      "has_bread": "2025-06-30 10:12:42 +0500"
    },
    "done": true
  },
  "minecraft:husbandry/tame_an_animal": {
    "criteria": {
      "tamed_animal": "2025-06-30 10:25:23 +0500"
    },
    "done": true
  },
  "utilitix:recipes/misc/crude_furnace": {
    "criteria": {
      "criterion1": "2025-06-30 10:10:35 +0500"
    },
    "done": true
  },
  "enderio:recipes/misc/stone_gear": {
    "criteria": {
      "has_ingredient": "2025-06-30 10:10:35 +0500"
    },
    "done": true
  },
  "immersiveengineering:recipes/misc/crafting/alloybrick": {
    "criteria": {
      "has_brick": "2025-06-30 10:10:57 +0500"
    },
    "done": true
  },
  "minecraft:recipes/building_blocks/cobblestone_slab": {
    "criteria": {
      "has_cobblestone": "2025-06-30 10:10:35 +0500"
    },
    "done": true
  },
  "enderio:recipes/food/enderios": {
    "criteria": {
      "has_ingredient": "2025-06-30 10:08:32 +0500"
    },
    "done": true
  },
  "utilitix:recipes/misc/mob_bell": {
    "criteria": {
      "criterion2": "2025-06-30 10:19:00 +0500"
    },
    "done": true
  },
  "minecraft:recipes/building_blocks/cobblestone_stairs": {
    "criteria": {
      "has_cobblestone": "2025-06-30 10:10:35 +0500"
    },
    "done": true
  },
  "mcwroofs:recipes/cobblestone": {
    "criteria": {
      "has_planks": "2025-06-30 10:10:35 +0500"
    },
    "done": true
  },
  "minecraft:story/obtain_armor": {
    "criteria": {
      "iron_boots": "2025-06-30 10:08:29 +0500"
    },
    "done": true
  },
  "forcecraft:recipes/tools/force_mitt": {
    "criteria": {
      "has_cobblestone": "2025-06-30 10:10:35 +0500"
    },
    "done": true
  },
  "create:recipes/building_blocks/crafting/kinetics/blue_seat_from_other_seat": {
    "criteria": {
      "has_seat": "2025-06-30 10:20:19 +0500"
    },
    "done": true
  },
  "minecraft:recipes/combat/stone_sword": {
    "criteria": {
      "has_cobblestone": "2025-06-30 10:10:35 +0500"
    },
    "done": true
  },
  "minecraft:recipes/decorations/cobblestone_wall": {
    "criteria": {
      "has_cobblestone": "2025-06-30 10:10:35 +0500"
    },
    "done": true
  },
  "minecraft:recipes/tools/stone_axe": {
    "criteria": {
      "has_cobblestone": "2025-06-30 10:10:35 +0500"
    },
    "done": true
  },
  "create:recipes/misc/crafting/tree_fertilizer": {
    "criteria": {
      "has_item": "2025-06-30 10:12:42 +0500"
    },
    "done": true
  },
  "croptopia:recipes/cheeseburger": {
    "criteria": {
      "has_bread": "2025-06-30 10:12:42 +0500"
    },
    "done": true
  },
  "croptopia:recipes/buttered_toast": {
    "criteria": {
      "has_toast": "2025-06-30 10:19:00 +0500"
    },
    "done": true
  },
  "supplementaries:recipes/bamboo_spikes": {
    "criteria": {
      "minecraft:wooden_slabs": "2025-06-30 10:24:53 +0500"
    },
    "done": true
  },
  "create:recipes/building_blocks/crafting/kinetics/black_seat_from_other_seat": {
    "criteria": {
      "has_seat": "2025-06-30 10:20:19 +0500"
    },
    "done": true
  },
  "croptopia:recipes/food/toast_from_smoking_bread": {
    "criteria": {
      "has_bread": "2025-06-30 10:12:42 +0500"
    },
    "done": true
  },
  "tombstone:adventure/chain_death": {
    "criteria": {
      "coded_trigger": "2025-06-30 10:06:54 +0500"
    },
    "done": true
  },
  "supplementaries:recipes/blackboard": {
    "criteria": {
      "minecraft:wooden_slabs": "2025-06-30 10:24:53 +0500"
    },
    "done": true
  },
  "minecraft:recipes/decorations/decorated_pot_simple": {
    "criteria": {
      "has_brick": "2025-06-30 10:10:57 +0500"
    },
    "done": true
  },
  "mcwbridges:recipes/cobblestone_bridge_pier": {
    "criteria": {
      "has_planks": "2025-06-30 10:10:35 +0500"
    },
    "done": true
  },
  "farmersdelight:recipes/cooking/bone_broth": {
    "criteria": {
      "has_bone": "2025-06-30 10:19:00 +0500"
    },
    "done": true
  },
  "forbidden_arcanus:recipes/tools/stone_blacksmith_gavel": {
    "criteria": {
      "has_stone_tool_materials": "2025-06-30 10:10:35 +0500"
    },
    "done": true
  },
  "create:recipes/building_blocks/crafting/kinetics/magenta_seat_from_other_seat": {
    "criteria": {
      "has_seat": "2025-06-30 10:20:19 +0500"
    },
    "done": true
  },
  "exdeorum:recipes/misc/cherry_barrel": {
    "criteria": {
      "has_item": "2025-06-30 10:24:53 +0500"
    },
    "done": true
  },
  "create:recipes/building_blocks/crafting/kinetics/light_gray_seat_from_other_seat": {
    "criteria": {
      "has_seat": "2025-06-30 10:20:19 +0500"
    },
    "done": true
  },
  "exdeorum:recipes/misc/cherry_crucible": {
    "criteria": {
      "has_item": "2025-06-30 10:24:53 +0500"
    },
    "done": true
  },
  "mcwwindows:recipes/bricks": {
    "criteria": {
      "has_wood": "2025-06-30 10:10:57 +0500"
    },
    "done": true
  },
  "create:recipes/building_blocks/crafting/kinetics/brown_seat_from_other_seat": {
    "criteria": {
      "has_seat": "2025-06-30 10:20:19 +0500"
    },
    "done": true
  },
  "supplementaries:recipes/daub": {
    "criteria": {
      "supplementaries:straw": "2025-06-30 10:08:32 +0500"
    },
    "done": true
  },
  "exdeorum:recipes/tools/bone_crook": {
    "criteria": {
      "has_item": "2025-06-30 10:19:00 +0500"
    },
    "done": true
  },
  "exdeorum:recipes/tools/stone_hammer": {
    "criteria": {
      "has_item": "2025-06-30 10:10:35 +0500"
    },
    "done": true
  },
  "botania:recipes/decorations/magenta_floating_flower": {
    "criteria": {
      "has_item": "2025-06-30 10:13:41 +0500"
    },
    "done": true
  },
  "minecraft:recipes/misc/white_dye": {
    "criteria": {
      "has_bone_meal": "2025-06-30 10:12:42 +0500"
    },
    "done": true
  },
  "minecraft:story/mine_stone": {
    "criteria": {
      "get_stone": "2025-06-30 10:10:35 +0500"
    },
    "done": true
  },
  "minecraft:recipes/decorations/furnace": {
    "criteria": {
      "has_cobblestone": "2025-06-30 10:10:35 +0500"
    },
    "done": true
  },
  "allthecompressed:recipes/building_blocks/compress/cobblestone_1x": {
    "criteria": {
      "has_cobblestone": "2025-06-30 10:10:35 +0500"
    },
    "done": true
  },
  "exdeorum:recipes/misc/blackstone": {
    "criteria": {
      "has_item": "2025-06-30 10:10:00 +0500"
    },
    "done": true
  },
  "forcecraft:recipes/transmutation/transmutation/stick_from_stone_sword": {
    "criteria": {
      "has_tool": "2025-06-30 10:10:42 +0500"
    },
    "done": true
  },
  "supplementaries:recipes/planter_rich": {
    "criteria": {
      "has_brick": "2025-06-30 10:10:57 +0500"
    },
    "done": true
  },
  "croptopia:gather_food": {
    "criteria": {
      "toast": "2025-06-30 10:19:00 +0500"
    },
    "done": false
  },
  "apotheosis:affix/gem": {
    "criteria": {
      "gem": "2025-06-30 10:05:37 +0500"
    },
    "done": true
  },
  "apotheosis:affix/rare_gem": {
    "criteria": {
      "gem": "2025-06-30 10:05:37 +0500"
    },
    "done": true
  },
  "utilitix:recipes/misc/comparator_redirector_up": {
    "criteria": {
      "criterion1": "2025-06-30 10:10:35 +0500"
    },
    "done": true
  },
  "croptopia:recipes/flour": {
    "criteria": {
      "has_grain": "2025-06-30 10:08:32 +0500"
    },
    "done": true
  },
  "minecraft:recipes/tools/stone_shovel": {
    "criteria": {
      "has_cobblestone": "2025-06-30 10:10:35 +0500"
    },
    "done": true
  },
  "croptopia:recipes/food/toast_from_bread": {
    "criteria": {
      "has_bread": "2025-06-30 10:12:42 +0500"
    },
    "done": true
  },
  "minecraft:recipes/building_blocks/bricks": {
    "criteria": {
      "has_brick": "2025-06-30 10:10:57 +0500"
    },
    "done": true
  },
  "create:recipes/building_blocks/crafting/kinetics/cyan_seat_from_other_seat": {
    "criteria": {
      "has_seat": "2025-06-30 10:20:19 +0500"
    },
    "done": true
  },
  "projecte:recipes/misc/low_covalence_dust": {
    "criteria": {
      "has_cobble": "2025-06-30 10:10:35 +0500"
    },
    "done": true
  },
  "croptopia:recipes/toast_with_jam": {
    "criteria": {
      "has_toast": "2025-06-30 10:19:00 +0500"
    },
    "done": true
  },
  "create:recipes/building_blocks/crafting/kinetics/lime_seat_from_other_seat": {
    "criteria": {
      "has_seat": "2025-06-30 10:20:19 +0500"
    },
    "done": true
  },
  "mcwtrpdoors:recipes/print_whispering": {
    "criteria": {
      "has_logs": "2025-06-30 10:19:00 +0500"
    },
    "done": true
  },
  "create:recipes/building_blocks/crafting/kinetics/purple_seat_from_other_seat": {
    "criteria": {
      "has_seat": "2025-06-30 10:20:19 +0500"
    },
    "done": true
  },
  "exdeorum:recipes/misc/andesite": {
    "criteria": {
      "has_item": "2025-06-30 10:10:00 +0500"
    },
    "done": true
  },
  "create:recipes/building_blocks/crafting/kinetics/light_blue_seat_from_other_seat": {
    "criteria": {
      "has_seat": "2025-06-30 10:20:19 +0500"
    },
    "done": true
  },
  "mcwbridges:recipes/cobblestone_bridge": {
    "criteria": {
      "has_planks": "2025-06-30 10:10:35 +0500"
    },
    "done": true
  },
  "supplementaries:recipes/jar": {
    "criteria": {
      "minecraft:wooden_slabs": "2025-06-30 10:24:53 +0500"
    },
    "done": true
  },
  "mcwroofs:recipes/thatch": {
    "criteria": {
      "has_planks": "2025-06-30 10:08:32 +0500"
    },
    "done": true
  },
  "minecraft:recipes/building_blocks/cobblestone_stairs_from_cobblestone_stonecutting": {
    "criteria": {
      "has_cobblestone": "2025-06-30 10:10:35 +0500"
    },
    "done": true
  },
  "minecraft:recipes/tools/stone_hoe": {
    "criteria": {
      "has_cobblestone": "2025-06-30 10:10:35 +0500"
    },
    "done": true
  },
  "forcecraft:recipes/food/soul_wafer": {
    "criteria": {
      "has_bone": "2025-06-30 10:19:00 +0500"
    },
    "done": true
  },
  "create:recipes/building_blocks/crafting/kinetics/green_seat_from_other_seat": {
    "criteria": {
      "has_seat": "2025-06-30 10:20:19 +0500"
    },
    "done": true
  },
  "exdeorum:recipes/misc/cobblestone": {
    "criteria": {
      "has_item": "2025-06-30 10:09:53 +0500"
    },
    "done": true
  },
  "create:recipes/misc/crafting/appliances/tree_fertilizer": {
    "criteria": {
      "has_item": "2025-06-30 10:12:42 +0500"
    },
    "done": true
  },
  "tombstone:recipes/from_grave_dust": {
    "criteria": {
      "has_ingredient": "2025-06-30 10:13:15 +0500"
    },
    "done": true
  },
  "minecraft:recipes/decorations/cobblestone_wall_from_cobblestone_stonecutting": {
    "criteria": {
      "has_cobblestone": "2025-06-30 10:10:35 +0500"
    },
    "done": true
  },
  "farmersdelight:recipes/food/pie_crust": {
    "criteria": {
      "has_wheat": "2025-06-30 10:08:32 +0500"
    },
    "done": true
  },
  "minecraft:recipes/redstone/lever": {
    "criteria": {
      "has_cobblestone": "2025-06-30 10:10:35 +0500"
    },
    "done": true
  },
  "farmersdelight:recipes/cooking/dog_food": {
    "criteria": {
      "has_any_ingredient": "2025-06-30 10:12:42 +0500"
    },
    "done": true
  },
  "farmersdelight:recipes/food/wheat_dough_from_eggs": {
    "criteria": {
      "has_wheat": "2025-06-30 10:08:32 +0500"
    },
    "done": true
  },
  "minecraft:recipes/decorations/composter": {
    "criteria": {
      "has_wood_slab": "2025-06-30 10:24:53 +0500"
    },
    "done": true
  },
  "supplementaries:recipes/checker": {
    "criteria": {
      "has_cobblestone": "2025-06-30 10:10:35 +0500"
    },
    "done": true
  },
  "minecraft:recipes/misc/bone_meal": {
    "criteria": {
      "has_bone": "2025-06-30 10:19:00 +0500"
    },
    "done": true
  },
  "farmersdelight:recipes/decorations/skillet": {
    "criteria": {
      "has_brick": "2025-06-30 10:10:57 +0500"
    },
    "done": true
  },
  "utilitix:recipes/misc/comparator_redirector_down": {
    "criteria": {
      "criterion1": "2025-06-30 10:10:35 +0500"
    },
    "done": true
  },
  "mcwbridges:recipes/balustrade_cobblestone_bridge": {
    "criteria": {
      "has_planks": "2025-06-30 10:10:35 +0500"
    },
    "done": true
  },
  "create:recipes/building_blocks/crafting/kinetics/pink_seat_from_other_seat": {
    "criteria": {
      "has_seat": "2025-06-30 10:20:19 +0500"
    },
    "done": true
  },
  "exdeorum:recipes/misc/granite": {
    "criteria": {
      "has_item": "2025-06-30 10:09:58 +0500"
    },
    "done": true
  },
  "supplementaries:recipes/cage": {
    "criteria": {
      "minecraft:wooden_slabs": "2025-06-30 10:24:53 +0500"
    },
    "done": true
  },
  "minecraft:recipes/building_blocks/cobblestone_slab_from_cobblestone_stonecutting": {
    "criteria": {
      "has_cobblestone": "2025-06-30 10:10:35 +0500"
    },
    "done": true
  },
  "minecraft:recipes/building_blocks/stone": {
    "criteria": {
      "has_cobblestone": "2025-06-30 10:10:35 +0500"
    },
    "done": true
  },
  "minecraft:recipes/food/bread": {
    "criteria": {
      "has_wheat": "2025-06-30 10:08:32 +0500"
    },
    "done": true
  },
  "exdeorum:recipes/misc/diorite": {
    "criteria": {
      "has_item": "2025-06-30 10:10:00 +0500"
    },
    "done": true
  },
  "minecraft:recipes/building_blocks/hay_block": {
    "criteria": {
      "has_wheat": "2025-06-30 10:08:32 +0500"
    },
    "done": true
  },
  "silentgear:recipes/misc/stone_rod": {
    "criteria": {
      "has_item": "2025-06-30 10:10:35 +0500"
    },
    "done": true
  },
  "create:recipes/building_blocks/crafting/kinetics/red_seat_from_other_seat": {
    "criteria": {
      "has_seat": "2025-06-30 10:20:19 +0500"
    },
    "done": true
  },
  "create:recipes/building_blocks/crafting/kinetics/orange_seat_from_other_seat": {
    "criteria": {
      "has_seat": "2025-06-30 10:20:19 +0500"
    },
    "done": true
  },
  "minecraft:recipes/tools/stone_pickaxe": {
    "criteria": {
      "has_cobblestone": "2025-06-30 10:10:35 +0500"
    },
    "done": true
  },
  "tombstone:adventure/village_defender": {
    "criteria": {
      "coded_trigger": "2025-06-30 10:13:01 +0500"
    },
    "done": true
  },
  "supplementaries:recipes/item_shelf": {
    "criteria": {
      "minecraft:wooden_slabs": "2025-06-30 10:24:53 +0500"
    },
    "done": true
  },
  "minecraft:recipes/building_blocks/bone_block": {
    "criteria": {
      "has_bone_meal": "2025-06-30 10:12:42 +0500"
    },
    "done": true
  },
  "create:recipes/building_blocks/crafting/kinetics/white_seat_from_other_seat": {
    "criteria": {
      "has_seat": "2025-06-30 10:20:19 +0500"
    },
    "done": true
  },
  "exdeorum:recipes/misc/basalt": {
    "criteria": {
      "has_item": "2025-06-30 10:10:12 +0500"
    },
    "done": true
  },
  "forcecraft:recipes/transmutation/transmutation/iron_ingot_from_boots": {
    "criteria": {
      "has_armor": "2025-06-30 10:08:29 +0500"
    },
    "done": true
  },
  "farmersdelight:recipes/food/wheat_dough_from_water": {
    "criteria": {
      "has_wheat": "2025-06-30 10:08:32 +0500"
    },
    "done": true
  },
  "exdeorum:recipes/misc/cobbled_deepslate": {
    "criteria": {
      "has_item": "2025-06-30 10:09:59 +0500"
    },
    "done": true
  },
  "supplementaries:recipes/bellows": {
    "criteria": {
      "minecraft:wooden_slabs": "2025-06-30 10:24:53 +0500"
    },
    "done": true
  },
  "immersiveengineering:recipes/misc/crafting/blastbrick": {
    "criteria": {
      "has_item": "2025-06-30 10:10:57 +0500"
    },
    "done": true
  },
  "mcwbridges:recipes/cobblestone_bridge_stair": {
    "criteria": {
      "has_planks": "2025-06-30 10:10:35 +0500"
    },
    "done": true
  },
  "minecraft:recipes/decorations/flower_pot": {
    "criteria": {
      "has_brick": "2025-06-30 10:10:57 +0500"
    },
    "done": true
  },
  "create:recipes/building_blocks/crafting/kinetics/gray_seat_from_other_seat": {
    "criteria": {
      "has_seat": "2025-06-30 10:20:19 +0500"
    },
    "done": true
  },
  "DataVersion": 3465
}