{"stats":{"minecraft:mined":{"chipped:alchemy_bench":1,"alltheores:raw_aluminum_block":3,"forcecraft:force_brick_white_slab":20,"minecraft:oak_sapling":1,"minecraft:farmland":1,"allthecompressed:cobblestone_2x":7,"mysticalagradditions:end_prosperity_ore":122,"create:andesite_casing":4,"minecraft:cherry_log":10,"minecraft:obsidian":64,"mcwfences:mud_brick_grass_topped_wall":2,"minecraft:cave_vines_plant":2,"minecraft:grass_block":114,"thermal:device_rock_gen":1,"mysticalagriculture:inferium_farmland":24,"minecraft:hopper":1,"minecraft:oxeye_daisy":8,"cobblefordays:tier_1":1,"refinedstorage:grid":1,"allthecompressed:sand_1x":715,"supplementaries:ash":27,"minecraft:iron_ore":133,"minecraft:barrel":1,"minecraft:fire":10,"minecraft:azure_bluet":13,"minecraft:red_tulip":1,"supplementaries:stick":2,"minecraft:cave_vines":7,"minecraft:dirt_path":1,"minecraft:flowering_azalea_leaves":10,"create:red_seat":2,"minecraft:pink_tulip":1,"minecraft:azalea_leaves":2,"minecraft:blue_orchid":1,"minecraft:soul_fire":2,"minecraft:torch":1,"minecraft:clay":2,"chipped:sliding_dark_oak_door":1,"mysticalagriculture:inferium_crop":24,"mysticalagradditions:end_inferium_ore":137,"framedblocks:framed_stairs":2,"minecraft:poppy":15,"minecraft:chest":8,"minecraft:mushroom_stem":4,"minecraft:cobblestone":237,"minecraft:sugar_cane":62,"minecraft:oak_planks":106,"framedblocks:framed_slab_corner":4,"minecraft:wall_torch":9,"minecraft:cherry_slab":3,"minecraft:pink_petals":75,"forcecraft:force_brick_white_stairs":20,"clickmachine:auto_clicker":2,"minecraft:wheat":51,"exdeorum:dust":1,"minecraft:grass":630,"minecraft:oak_log":273,"minecraft:sand":18,"minecraft:dirt":79,"allthecompressed:cobblestone_1x":2652,"minecraft:red_mushroom_block":45,"framedblocks:framed_slab_edge":6,"minecraft:oak_leaves":54,"framedblocks:framed_slab":2,"allthecompressed:blackstone_1x":139,"supplementaries:planter":1,"mcwfurnitures:mangrove_stool_chair":1,"minecraft:end_stone":2364,"functionalstorage:oak_1":2,"minecraft:redstone_wire":2,"create:encased_fan":4,"minecraft:cherry_wood":11,"alltheores:end_nickel_ore":79,"ars_elemental:spore_blossom_up":5,"minecraft:spore_blossom":1,"minecraft:furnace":1,"immersiveengineering:hemp":44,"draconicevolution:end_draconium_ore":42,"functionalstorage:simple_compacting_drawer":3,"create:orange_seat":2,"forbidden_arcanus:deorum_chain":6,"alltheores:aluminum_ore":8,"supplementaries:candle_holder_red":2,"alltheores:end_zinc_ore":2,"supplementaries:book_pile_horizontal":1,"create:white_seat":2,"minecraft:flowering_azalea":1,"utilitarian:snad":2,"alltheores:raw_nickel_block":1,"minecraft:dandelion":69,"minecraft:cornflower":8,"allthecompressed:gravel_1x":1289,"create:water_wheel":1,"minecraft:campfire":4,"minecraft:tall_grass":94,"flowerpatch:poppy_patch":10,"mysticalagriculture:dirt_crop":1,"botania:magenta_shiny_flower":1,"minecraft:cactus":4,"forcecraft:force_brick_white":106,"minecraft:ice":1,"create:pink_seat":2,"alltheores:end_aluminum_ore":37,"minecraft:cherry_leaves":119,"minecraft:gravel":66},"minecraft:broken":{"constructionwand:diamond_wand":1,"constructionwand:iron_wand":3},"minecraft:crafted":{"pipez:basic_upgrade":3,"mekanismtools:diamond_paxel":1,"pipez:wrench":1,"minecraft:oak_planks":94,"immersiveengineering:hammer":1,"minecraft:barrel":2,"refinedstorage:4k_storage_disk":2,"minecraft:oak_pressure_plate":1,"pipez:improved_upgrade":3,"alltheores:copper_dust":4,"pipez:item_pipe":1,"waystones:waystone":1,"minecraft:sand":2,"refinedstorage:controller":1,"minecraft:lever":1,"projecte:high_covalence_dust":1,"exdeorum:unfired_porcelain_crucible":1,"minecraft:diamond_shovel":1,"projecte:repair_talisman":2,"sophisticatedstorage:stack_upgrade_tier_1":1,"pipez:fluid_pipe":1,"alltheores:osmium_ore":28,"mysticalagriculture:prosperity_seed_base":15,"minecraft:glass":9,"minecraft:hopper":1,"refinedstorage:crafting_grid":2,"alltheores:aluminum_ore":8,"alltheores:zinc_ingot":9,"refinedstorage:4k_storage_part":2,"mysticalagriculture:watering_can":1,"refinedstorage:grid":2,"allthecompressed:sand_1x":20,"minecraft:chest":6,"clickmachine:auto_clicker":20,"minecraft:copper_block":4,"refinedstorage:processor_binding":9,"mekanism:basic_fluid_tank":2,"refinedstorage:disk_drive":1,"alltheores:steel_dust":4,"minecraft:ender_eye":17,"minecraft:stone_bricks":2,"exdeorum:stone_hammer":10,"exdeorum:porcelain_crucible":1,"cobblefordays:tier_2":1,"refinedstorage:raw_advanced_processor":7,"minecraft:dropper":2,"rftoolspower:coalgenerator":1,"minecraft:oak_slab":4,"ironjetpacks:jetpack":3,"exdeorum:oak_barrel":1,"minecraft:diamond_axe":1,"minecraft:crafting_table":3,"minecraft:gold_ore":153,"minecraft:gravel":426,"constructionwand:iron_wand":3,"alltheores:aluminum_dust":8,"minecraft:red_wool":13,"minecraft:copper_ingot":19,"waystones:warp_stone":1,"mekanismtools:stone_paxel":1,"minecraft:diorite":59,"cobblefordays:tier_1":2,"alltheores:zinc_nugget":3,"create:encased_fan":1,"ironjetpacks:capacitor":3,"thermal:redstone_servo":2,"minecraft:string":168,"minecraft:paper":4,"minecraft:diamond_pickaxe":1,"create:water_wheel":1,"mekanism:steel_casing":1,"exdeorum:compressed_diamond_hammer":1,"exdeorum:flint_mesh":16,"constructionwand:stone_wand":1,"minecraft:stick":79,"minecraft:stone_slab":1,"projecte:medium_covalence_dust":3,"minecraft:iron_ingot":75,"minecraft:iron_block":2,"exdeorum:oak_sieve":16,"minecraft:iron_ore":319,"create:propeller":1,"minecraft:redstone_torch":44,"refinedstorage:machine_casing":3,"alltheores:constantan_gear":2,"minecraft:shears":1,"create:chute":1,"minecraft:cherry_planks":4,"minecraft:stone_shovel":1,"functionalstorage:simple_compacting_drawer":1,"sophisticatedstorage:basic_tier_upgrade":1,"rftoolsbase:machine_frame":1,"alltheores:aluminum_ingot":12,"mysticalagriculture:water_agglomeratio":1,"mysticalagriculture:diamond_scythe":1,"mysticalagriculture:infusion_pedestal":8,"alltheores:invar_dust":4,"minecraft:furnace":10,"minecraft:piston":3,"ironjetpacks:basic_coil":44,"refinedstorage:quartz_enriched_iron":57,"allthecompressed:cobblestone_1x":7,"buildinggadgets2:gadget_building":1,"minecraft:flint_and_steel":1,"allthecompressed:gravel_1x":1,"refinedstorage:destruction_core":2,"alltheores:copper_ore_hammer":2,"sophisticatedstorage:upgrade_base":2,"utilitarian:snad":2,"exdeorum:string_mesh":16,"ironjetpacks:strap":2,"minecraft:slime_ball":1,"minecraft:stone_pickaxe":1,"minecraft:diamond_boots":2,"alltheores:constantan_dust":4,"minecraft:redstone_block":38,"ironjetpacks:thruster":6,"exdeorum:iron_mesh":16,"functionalstorage:oak_1":2,"dankstorage:dank_1":2,"sophisticatedstorage:copper_to_iron_tier_upgrade":2,"alltheores:nickel_dust":8,"refinedstorage:1k_storage_part":13,"refinedstorage:1k_storage_disk":1,"minecraft:sugar":4,"minecraft:red_dye":35,"exdeorum:golden_mesh":25,"constructionwand:diamond_wand":3,"mysticalagriculture:inferium_seeds":9,"exdeorum:stone_barrel":1,"create:andesite_alloy":13,"exdeorum:diamond_hammer":10,"alltheores:zinc_ore":9,"sophisticatedstorage:iron_to_gold_tier_upgrade":2,"minecraft:bowl":48,"refinedstorage:wireless_transmitter":1,"mekanism:superheating_element":1,"refinedstorage:raw_improved_processor":3,"itemcollectors:basic_collector":1,"exdeorum:compressed_stone_hammer":14,"minecraft:copper_ore":221,"minecraft:bucket":7,"alltheores:iron_plate":2,"crafting_on_a_stick:crafting_table":1,"minecraft:stone_axe":1,"minecraft:air":7069,"minecraft:bread":14,"projecte:low_covalence_dust":40,"refinedstorageaddons:wireless_crafting_grid":2,"exdeorum:crook":1,"minecraft:blue_dye":2,"exdeorum:porcelain_clay_ball":8,"sophisticatedstorage:chest":5,"ironjetpacks:cell":20,"sophisticatedstorage:basic_to_copper_tier_upgrade":3,"minecraft:cobblestone":324,"minecraft:gold_nugget":2,"refinedstorage:raw_basic_processor":4,"exdeorum:end_cake":1,"mysticalagriculture:infusion_altar":1,"refinedstorage:construction_core":3,"alltheores:iron_dust":210,"create:shaft":8,"minecraft:andesite":27,"thermal:device_rock_gen":2,"mysticalagriculture:fire_agglomeratio":1,"sophisticatedstorage:stack_upgrade_tier_2":1,"minecraft:soul_sand":1,"alltheores:aluminum_plate":5},"minecraft:killed":{"minecraft:witch":1,"minecraft:spider":2,"minecraft:skeleton":3,"minecraft:chicken":1,"minecraft:sheep":5,"minecraft:trader_llama":9,"minecraft:zombie":2,"minecraft:phantom":12,"minecraft:horse":1,"minecraft:wandering_trader":1,"minecraft:enderman":2},"minecraft:custom":{"minecraft:animals_bred":4,"minecraft:open_barrel":48,"minecraft:eat_cake_slice":5,"minecraft:leave_game":5,"minecraft:time_since_death":241804,"minecraft:sprint_one_cm":789223,"minecraft:drop":199,"minecraft:talked_to_villager":18,"minecraft:play_time":470059,"minecraft:deaths":3,"minecraft:jump":2237,"minecraft:walk_on_water_one_cm":3458,"minecraft:interact_with_furnace":33,"minecraft:traded_with_villager":1,"minecraft:damage_dealt":9518,"minecraft:player_kills":1,"minecraft:crouch_one_cm":42235,"waystones:waystone_activated":1,"tombstone:undead_killed":17,"minecraft:mob_kills":39,"minecraft:inspect_hopper":2,"minecraft:interact_with_campfire":7,"minecraft:damage_dealt_resisted":0,"minecraft:climb_one_cm":443,"minecraft:walk_one_cm":748109,"minecraft:sneak_time":23257,"minecraft:walk_under_water_one_cm":1412,"minecraft:total_world_time":470059,"tombstone:raider_killed":13,"minecraft:time_since_rest":241837,"minecraft:damage_absorbed":350,"minecraft:damage_taken":3529,"minecraft:use_wand":6049,"minecraft:fly_one_cm":622893,"minecraft:open_chest":636,"minecraft:fall_one_cm":6658749},"minecraft:picked_up":{"alltheores:raw_aluminum_block":3,"mysticalagriculture:stone_essence":25,"minecraft:wheat":177,"allthecompressed:cobblestone_2x":7,"alltheores:aluminum_dust":4,"exdeorum:dust":6459,"forcecraft:force_brick_white_stairs":20,"mysticalagriculture:dirt_essence":222,"minecraft:stone_slab":5,"minecraft:lead":7,"create:wrench":1,"xycraft_world:xychorium_storage_green":5,"minecraft:enchanted_book":2,"exdeorum:iron_ore_chunk":328,"supplementaries:candle_holder_red":8,"mysticalagriculture:prosperity_seed_base":15,"refinedstorage:grid":1,"mysticalagriculture:stone_seeds":1,"silentgear:sinew":2,"minecraft:string":6,"thermal:barley_seeds":8,"minecraft:oak_sign":2,"thermal:sulfur":4,"create:water_wheel":1,"minecraft:sea_pickle":1,"clickmachine:auto_clicker":1,"cobblefordays:tier_1":1,"mysticalagriculture:inferium_essence":1433,"minecraft:gold_nugget":16,"minecraft:bucket":1,"alltheores:nickel_ingot":120,"minecraft:redstone_torch":29,"minecraft:azalea":5,"minecraft:rose_bush":3,"forbidden_arcanus:deorum_chain":6,"minecraft:ender_eye":14,"draconicevolution:draconium_dust":247,"xycraft_world:xychorium_gem_green":44,"thermal:spinach_seeds":1,"pipez:improved_upgrade":2,"minecraft:furnace":1,"minecraft:stick":126,"thermal:sadiroot_seeds":2,"mysticalagriculture:prosperity_shard":711,"minecraft:torch":11,"create:andesite_casing":7,"mysticalagriculture:inferium_seeds":97,"minecraft:cherry_log":11,"minecraft:pointed_dripstone":265,"tombstone:grave_dust":6,"thermal:flax_seeds":1,"thermal:apatite":4,"minecraft:rotten_flesh":2,"minecraft:cactus":334,"thermal:corn_seeds":3,"minecraft:red_tulip":1,"exdeorum:tin_ore_chunk":200,"thermal:radish_seeds":11,"minecraft:chorus_flower":48,"reliquary:mob_charm_fragment":2,"supplementaries:ash":43,"create:red_seat":2,"botania:magenta_shiny_flower":1,"minecraft:obsidian":121,"productivetrees:upgrade_pollen_sieve":1,"minecraft:blaze_powder":42,"minecraft:cobblestone":644,"exdeorum:osmium_ore_chunk":142,"occultism:datura_seeds":16,"minecraft:pink_petals":129,"exdeorum:basalt_pebble":299,"refinedstorage:raw_basic_processor":4,"minecraft:water_bucket":1,"alltheores:invar_ingot":20,"enderio:grains_of_infinity":63,"minecraft:flint":806,"mysticalagriculture:dirt_seeds":15,"refinedstorage:improved_processor":3,"ae2:charged_certus_quartz_crystal":2,"minecraft:lapis_lazuli":214,"exdeorum:nickel_ore_chunk":146,"minecraft:dirt":246,"pipez:fluid_pipe":30,"xycraft_world:xychorium_storage_dark":5,"immersiveengineering:hemp_fiber":573,"minecraft:glass":64,"minecraft:bone":5,"itemcollectors:basic_collector":1,"minecraft:wheat_seeds":317,"sophisticatedstorage:chest":5,"everlastingabilities:ability_totem":3,"projecte:high_covalence_dust":38,"refinedstorage:advanced_processor":7,"minecraft:glowstone_dust":42,"minecraft:oak_planks":189,"forcecraft:force_brick_white":106,"exdeorum:crushed_blackstone":1251,"thermal:bell_pepper_seeds":4,"patchouli:guide_book":2,"alltheores:steel_dust":4,"xycraft_world:xychorium_gem_red":31,"draconicevolution:draconium_ingot":5,"minecraft:dropper":2,"framedblocks:framed_slab_corner":4,"mekanismtools:stone_paxel":1,"minecraft:sand":8911,"exdeorum:flint_mesh":16,"exdeorum:crushed_end_stone":455,"thermal:device_rock_gen":2,"exdeorum:wooden_watering_can":1,"minecraft:dead_bush":2,"thermal:onion_seeds":5,"mcwfurnitures:mangrove_stool_chair":1,"minecraft:barrel":2,"xycraft_world:xychorium_gem_dark":26,"minecraft:mossy_cobblestone":8,"minecraft:iron_hoe":1,"forbidden_arcanus:ender_pearl_fragment":8,"alltheores:raw_nickel":58,"ars_elemental:spore_blossom_up":5,"xycraft_world:xychorium_gem_light":26,"minecraft:sugar":3,"minecraft:clay":4,"minecraft:diamond":70,"minecraft:slime_block":1,"alltheores:raw_aluminum":45,"minecraft:cherry_wood":17,"minecraft:bread":5,"thermal:eggplant_seeds":5,"minecraft:bone_meal":104,"exdeorum:copper_ore_chunk":342,"minecraft:chainmail_helmet":1,"minecraft:emerald":36,"alltheores:aluminum_ingot":7,"minecraft:oak_leaves":52,"minecraft:netherrack":51,"minecraft:oak_sapling":169,"minecraft:cherry_slab":3,"minecraft:chorus_fruit":39,"framedblocks:framed_stairs":2,"exdeorum:gold_ore_chunk":135,"croptopia:toast":9,"functionalstorage:oak_1":4,"minecraft:charcoal":8,"alltheores:steel_ingot":4,"alltheores:osmium_ingot":55,"minecraft:azure_bluet":13,"minecraft:chicken":1,"minecraft:clay_ball":10,"thermal:cinnabar":4,"exdeorum:blackstone_pebble":447,"minecraft:cornflower":8,"supplementaries:planter":1,"exdeorum:granite_pebble":414,"exdeorum:string_mesh":16,"create:orange_seat":4,"minecraft:flint_and_steel":1,"pipez:advanced_upgrade":1,"create:chute":3,"alltheores:constantan_ingot":12,"minecraft:blue_orchid":1,"exdeorum:iron_mesh":1,"exdeorum:compressed_diamond_hammer":1,"exdeorum:zinc_ore_chunk":148,"create:white_seat":2,"minecraft:iron_nugget":16,"minecraft:poppy":54,"minecraft:chest":7,"allthecompressed:cobblestone_1x":43,"minecraft:sugar_cane":125,"minecraft:egg":14,"minecraft:phantom_membrane":7,"minecraft:copper_ore":29,"refinedstorage:silicon":58,"minecraft:raw_iron":133,"minecraft:end_stone":2084,"minecraft:stone":247,"minecraft:copper_ingot":247,"pipez:item_pipe":59,"minecraft:redstone":161,"sophisticatedstorage:upgrade_base":3,"thermal:peanut_seeds":4,"minecraft:arrow":4,"powah:wrench":1,"xycraft_world:xychorium_gem_blue":37,"ae2:certus_quartz_dust":48,"exdeorum:diorite_pebble":344,"forcecraft:force_brick_white_slab":20,"xycraft_world:xychorium_storage_light":5,"minecraft:pink_tulip":1,"exdeorum:andesite_pebble":487,"minecraft:gold_ingot":324,"framedblocks:framed_slab_edge":6,"minecraft:glow_berries":4,"mcwfences:mud_brick_grass_topped_wall":2,"minecraft:mutton":8,"minecraft:white_wool":36,"minecraft:oxeye_daisy":8,"projecte:low_covalence_dust":38,"mysticalagriculture:fertilized_essence":24,"refinedstorageaddons:wireless_crafting_grid":1,"minecraft:leather":6,"minecraft:red_mushroom":18,"forcecraft:force_gem":14,"sophisticatedstorage:basic_to_copper_tier_upgrade":1,"exdeorum:compressed_iron_hammer":1,"botania:orange_petal":3,"minecraft:oak_log":287,"create:andesite_alloy":6,"chipped:sliding_dark_oak_door":1,"framedblocks:framed_slab":2,"minecraft:gunpowder":72,"minecraft:wooden_hoe":1,"mekanism:salt":135,"ae2:sky_dust":41,"exdeorum:oak_sieve":3,"minecraft:apple":15,"minecraft:stone_bricks":10,"minecraft:kelp":2,"exdeorum:stone_pebble":2107,"minecraft:spore_blossom":1,"minecraft:iron_ore":12,"minecraft:iron_ingot":541,"thermal:tomato_seeds":5,"refinedstorage:basic_processor":4,"alltheores:aluminum_plate":1,"minecraft:flowering_azalea":5,"minecraft:soul_sand":748,"functionalstorage:simple_compacting_drawer":3,"minecraft:book":2,"dankstorage:dank_1":3,"minecraft:oak_slab":16,"minecraft:milk_bucket":1,"allthecompressed:sand_1x":2,"exdeorum:deepslate_pebble":536,"chipped:alchemy_bench":1,"exdeorum:lead_ore_chunk":115,"allthecompressed:gravel_1x":540,"thermal:strawberry_seeds":8,"minecraft:red_wool":4,"minecraft:dandelion":69,"minecraft:gravel":25190,"minecraft:amethyst_shard":81,"thermal:green_bean_seeds":4,"projecte:medium_covalence_dust":38,"exdeorum:silver_ore_chunk":145,"create:pink_seat":2,"minecraft:spider_eye":3,"xycraft_world:xychorium_storage_red":5,"thermal:rice_seeds":3,"forbidden_arcanus:arcane_crystal":39,"exdeorum:aluminum_ore_chunk":138,"immersiveengineering:seed":317,"utilitarian:snad":3,"create:encased_fan":4,"mekanism:fluorite_gem":2,"minecraft:cherry_sapling":4,"xycraft_world:xychorium_storage_blue":5,"thermal:amaranth_seeds":5,"alltheores:copper_ore_hammer":1,"minecraft:coal":897,"minecraft:hopper":1,"minecraft:sunflower":3,"minecraft:ender_pearl":16},"minecraft:used":{"minecraft:poppy":10,"immersiveengineering:seed":26,"allthecompressed:blackstone_1x":139,"mekanism:basic_fluid_tank":1,"rftoolspower:coalgenerator":1,"minecraft:chest":9,"mysticalagriculture:infusion_altar":1,"allthecompressed:cobblestone_1x":3044,"constructionwand:iron_wand":37,"minecraft:soul_sand":1,"refinedstorage:wireless_transmitter":1,"mekanismtools:diamond_paxel":3487,"mysticalagriculture:inferium_seeds":24,"refinedstorage:controller":1,"minecraft:milk_bucket":1,"minecraft:lava_bucket":5,"mysticalagriculture:inferium_essence":28,"pipez:item_pipe":2,"minecraft:oak_sapling":23,"minecraft:furnace":1,"clickmachine:auto_clicker":11,"minecraft:egg":1,"refinedstorage:disk_drive":1,"minecraft:cactus":1,"minecraft:sugar_cane":10,"minecraft:clay":2,"minecraft:oak_leaves":9,"minecraft:sand":36,"forcecraft:force_brick_white":53,"croptopia:scrambled_eggs":3,"minecraft:shears":52,"sophisticatedstorage:basic_tier_upgrade":1,"minecraft:end_stone":96,"mekanism:superheating_element":1,"waystones:waystone":1,"minecraft:lever":1,"sophisticatedstorage:iron_to_gold_tier_upgrade":1,"exdeorum:oak_barrel":1,"minecraft:bread":12,"minecraft:oak_pressure_plate":1,"minecraft:gravel":2590,"alltheores:aluminum_ore":8,"croptopia:toast":14,"functionalstorage:oak_1":4,"minecraft:ice":1,"exdeorum:crushed_end_stone":104,"exdeorum:compressed_stone_hammer":905,"minecraft:bone_meal":64,"exdeorum:mycelium_spores":5,"minecraft:azalea":1,"minecraft:flint_and_steel":2,"exdeorum:compressed_diamond_hammer":3590,"minecraft:redstone":2,"thermal:device_rock_gen":2,"minecraft:netherrack":1,"refinedstorage:grid":1,"minecraft:stick":2,"minecraft:torch":13,"exdeorum:witch_water_bucket":3,"minecraft:dirt":38,"minecraft:hopper":1,"cobblefordays:tier_2":1,"allthecompressed:cobblestone_2x":7,"functionalstorage:simple_compacting_drawer":4,"mysticalagriculture:infusion_pedestal":8,"create:chute":1,"supplementaries:pedestal":1,"minecraft:wooden_axe":362,"minecraft:flowering_azalea":2,"utilitarian:snad":3,"mysticalagriculture:dirt_essence":1,"refinedstorageaddons:wireless_crafting_grid":2,"exdeorum:porcelain_crucible":1,"cobblefordays:tier_1":2,"exdeorum:stone_hammer":43,"constructionwand:diamond_wand":68,"mysticalagriculture:stone_seeds":1,"tombstone:gift":1,"minecraft:cooked_beef":25,"sophisticatedstorage:basic_to_copper_tier_upgrade":1,"exdeorum:oak_sieve":16,"pipez:fluid_pipe":2,"minecraft:wheat_seeds":19,"minecraft:water_bucket":7,"minecraft:iron_ore":133,"mekanismtools:stone_paxel":224,"create:encased_fan":5,"constructionwand:stone_wand":12,"mysticalagriculture:dirt_seeds":10,"exdeorum:stone_barrel":1,"exdeorum:dust":493,"mysticalagriculture:fertilized_essence":10,"sophisticatedstorage:copper_to_iron_tier_upgrade":1,"allthecompressed:sand_1x":715,"allthecompressed:gravel_1x":1367,"create:water_wheel":2,"exdeorum:end_cake":1,"exdeorum:diamond_hammer":732,"minecraft:cobblestone":500,"minecraft:bucket":19},"minecraft:killed_by":{"minecraft:enderman":1},"minecraft:dropped":{"forcecraft:force_brick_white_slab":20,"exdeorum:basalt_pebble":213,"mcwfurnitures:mangrove_stool_chair":1,"minecraft:lapis_lazuli":2,"minecraft:oak_log":117,"exdeorum:zinc_ore_chunk":1,"constructionwand:diamond_wand":1,"exdeorum:dust":893,"minecraft:mutton":2,"ironjetpacks:jetpack":1,"exdeorum:granite_pebble":451,"minecraft:bone_meal":7,"minecraft:sand":64,"forcecraft:force_brick_white_stairs":20,"minecraft:sugar":1,"minecraft:white_wool":2,"enderio:grains_of_infinity":5,"minecraft:sugar_cane":3,"minecraft:iron_nugget":8,"exdeorum:crushed_end_stone":28,"minecraft:wheat":1,"minecraft:oak_planks":14,"minecraft:end_stone":64,"minecraft:glowstone_dust":7,"minecraft:blaze_powder":2,"ae2:sky_dust":1,"supplementaries:ash":2,"minecraft:gunpowder":1,"create:red_seat":2,"minecraft:hopper":1,"create:white_seat":2,"immersiveengineering:seed":30,"minecraft:iron_ingot":18,"mekanism:fluorite_gem":1,"minecraft:oak_slab":13,"dankstorage:dank_1":3,"xycraft_world:xychorium_gem_green":2,"minecraft:wheat_seeds":34,"minecraft:cherry_log":9,"exdeorum:deepslate_pebble":268,"minecraft:apple":3,"minecraft:cobblestone":573,"create:pink_seat":2,"exdeorum:iron_ore_chunk":1,"mekanismtools:stone_paxel":1,"silentgear:sinew":1,"minecraft:coal":2,"minecraft:dead_bush":2,"mekanism:salt":2,"minecraft:cactus":2,"exdeorum:stone_pebble":1678,"minecraft:redstone":2,"botania:magenta_shiny_flower":1,"projecte:repair_talisman":1,"minecraft:ender_eye":1,"exdeorum:compressed_diamond_hammer":2,"supplementaries:candle_holder_red":8,"minecraft:stone":161,"forcecraft:force_brick_white":53,"forcecraft:force_gem":12,"minecraft:oak_sapling":61,"ae2:certus_quartz_dust":1,"exdeorum:diorite_pebble":66,"minecraft:stone_bricks":15,"minecraft:barrel":1,"refinedstorageaddons:wireless_crafting_grid":2,"exdeorum:andesite_pebble":423,"exdeorum:blackstone_pebble":534,"immersiveengineering:hemp_fiber":88}},"DataVersion":3465}