{"stats":{"minecraft:used":{"craftingstation:crafting_station_slab":2,"minecraft:stone_sword":147,"minecraft:wooden_pickaxe":7,"chipped:flat_andesite_tiles":1,"minecraft:torch":4,"create:pink_seat":2,"minecraft:wooden_axe":247,"minecraft:lava_bucket":1,"minecraft:apple":1,"botania:magenta_shiny_flower":1,"minecraft:wooden_sword":178,"minecraft:oak_sapling":48,"minecraft:bucket":1,"tombstone:gift":5,"minecraft:ice":1,"minecraft:cooked_beef":14},"minecraft:killed_by":{"minecraft:pillager":11},"minecraft:dropped":{"minecraft:wheat_seeds":18,"minecraft:stone_sword":1,"minecraft:cherry_slab":1,"minecraft:oak_sapling":1,"minecraft:wooden_sword":4},"minecraft:crafted":{"minecraft:wooden_sword":3,"minecraft:crafting_table":2,"minecraft:wooden_pickaxe":1,"craftingstation:crafting_station":1,"crafting_on_a_stick:crafting_table":1,"minecraft:air":21,"craftingstation:crafting_station_slab":2,"minecraft:cobblestone":16,"minecraft:wooden_axe":3,"minecraft:stone_sword":3},"minecraft:mined":{"minecraft:oak_sapling":3,"minecraft:cave_vines_plant":1,"minecraft:grass_block":89,"minecraft:decorated_pot":1,"chipped:flat_andesite_tiles":2,"minecraft:oak_planks":120,"minecraft:wall_torch":8,"botania:magenta_shiny_flower":1,"minecraft:cherry_slab":1,"minecraft:pink_petals":8,"minecraft:wheat":5,"create:pink_seat":2,"minecraft:grass":5,"create:orange_seat":2,"minecraft:oak_log":246,"minecraft:oak_leaves":261},"minecraft:picked_up":{"minecraft:pink_petals":13,"minecraft:wheat":2,"exdeorum:basalt_pebble":8,"minecraft:chainmail_boots":1,"minecraft:turtle_helmet":1,"minecraft:enchanted_book":2,"minecraft:oak_log":249,"minecraft:chainmail_chestplate":1,"minecraft:brick":4,"exdeorum:blackstone_pebble":7,"minecraft:dirt":88,"tombstone:gift":1,"minecraft:white_banner":7,"exdeorum:granite_pebble":14,"minecraft:wooden_sword":2,"create:orange_seat":2,"minecraft:oak_sign":2,"minecraft:apple":5,"minecraft:wheat_seeds":27,"mysticalagriculture:inferium_essence":13,"exdeorum:stone_pebble":69,"chipped:flat_andesite_tiles":2,"everlastingabilities:ability_totem":1,"minecraft:rose_bush":3,"minecraft:oak_planks":120,"minecraft:iron_boots":1,"minecraft:egg":2,"minecraft:stick":45,"apotheosis:gem":1,"exdeorum:deepslate_pebble":20,"minecraft:torch":8,"forcecraft:recovery_heart":5,"create:pink_seat":2,"minecraft:stone_sword":1,"exdeorum:diorite_pebble":8,"minecraft:crossbow":10,"minecraft:bone_meal":8,"exdeorum:andesite_pebble":20,"minecraft:bread":8,"reliquary:mob_charm_fragment":1,"minecraft:oak_sapling":64,"minecraft:cherry_slab":2,"botania:magenta_shiny_flower":1,"minecraft:sunflower":3},"minecraft:custom":{"minecraft:mob_kills":68,"tombstone:raider_killed":68,"minecraft:open_barrel":8,"minecraft:damage_dealt_resisted":0,"minecraft:leave_game":2,"minecraft:time_since_death":753,"minecraft:climb_one_cm":0,"minecraft:time_since_rest":780,"minecraft:walk_one_cm":136974,"minecraft:sprint_one_cm":111951,"minecraft:damage_taken":5597,"minecraft:damage_absorbed":30,"minecraft:drop":9,"minecraft:damage_dealt":15895,"minecraft:swim_one_cm":261,"minecraft:fly_one_cm":115954,"minecraft:open_chest":4,"minecraft:crouch_one_cm":863,"minecraft:play_time":41502,"minecraft:deaths":11,"minecraft:sneak_time":1298,"minecraft:walk_under_water_one_cm":598,"minecraft:jump":871,"minecraft:walk_on_water_one_cm":2748,"minecraft:total_world_time":45836,"minecraft:fall_one_cm":41300,"minecraft:horse_one_cm":248},"minecraft:killed":{"minecraft:pillager":62}},"DataVersion":3465}