{
  "botania:recipes/decorations/apothecary_deepslate": {
    "criteria": {
      "has_item": "2025-06-29 12:55:57 +0500"
    },
    "done": true
  },
  "botania:recipes/misc/petal_cyan_double": {
    "criteria": {
      "has_alt_item": "2025-06-29 12:55:57 +0500"
    },
    "done": true
  },
  "minecraft:recipes/decorations/crafting_table": {
    "criteria": {
      "unlock_right_away": "2025-06-29 12:54:26 +0500"
    },
    "done": true
  },
  "mcwfences:recipes/jungle": {
    "criteria": {
      "has_jungle": "2025-06-29 12:54:26 +0500"
    },
    "done": true
  },
  "mekanism:root": {
    "criteria": {
      "automatic": "2025-06-29 12:53:38 +0500"
    },
    "done": true
  },
  "mcwfences:recipes/warped": {
    "criteria": {
      "has_warped": "2025-06-29 12:54:26 +0500"
    },
    "done": true
  },
  "botania:recipes/misc/conversions/cyan_petal_block_deconstruct": {
    "criteria": {
      "has_item": "2025-06-29 12:55:57 +0500"
    },
    "done": true
  },
  "ae2wtlib:recipes/wireless_universal_terminal/upgrade_crafting": {
    "criteria": {
      "has_wct": "2025-06-29 12:54:26 +0500"
    },
    "done": true
  },
  "mcwfences:recipes/birch": {
    "criteria": {
      "has_birch": "2025-06-29 12:54:26 +0500"
    },
    "done": true
  },
  "mcwfences:recipes/stone": {
    "criteria": {
      "has_stone": "2025-06-29 12:54:26 +0500"
    },
    "done": true
  },
  "botania:recipes/misc/petal_cyan": {
    "criteria": {
      "has_alt_item": "2025-06-29 12:55:57 +0500"
    },
    "done": true
  },
  "ae2wtlib:recipes/wireless_pattern_encoding_terminal": {
    "criteria": {
      "has_wt": "2025-06-29 12:54:26 +0500"
    },
    "done": true
  },
  "mcwfences:recipes/hedge": {
    "criteria": {
      "has_birch": "2025-06-29 12:54:26 +0500"
    },
    "done": true
  },
  "botania:recipes/tools/dreamwood_wand": {
    "criteria": {
      "has_item": "2025-06-29 12:55:57 +0500"
    },
    "done": true
  },
  "ironfurnaces:coal": {
    "criteria": {
      "rainbowcoal": "2025-06-29 12:54:26 +0500"
    },
    "done": true
  },
  "botania:recipes/decorations/apothecary_mossy": {
    "criteria": {
      "has_item": "2025-06-29 12:55:57 +0500"
    },
    "done": true
  },
  "mcwfences:recipes/prismarine": {
    "criteria": {
      "has_qq": "2025-06-29 12:54:26 +0500"
    },
    "done": true
  },
  "mcwfences:recipes/mangrove": {
    "criteria": {
      "has_mangrove": "2025-06-29 12:54:26 +0500"
    },
    "done": true
  },
  "botania:recipes/misc/dye_cyan": {
    "criteria": {
      "has_item": "2025-06-29 12:55:57 +0500"
    },
    "done": true
  },
  "ae2wtlib:recipes/wireless_universal_terminal/upgrade_pattern_encoding": {
    "criteria": {
      "has_wpt": "2025-06-29 12:54:26 +0500"
    },
    "done": true
  },
  "tombstone:adventure/root": {
    "criteria": {
      "auto": "2025-06-29 12:54:27 +0500"
    },
    "done": true
  },
  "forbidden_arcanus:recipes/decorations/deorum_lantern": {
    "criteria": {
      "has_torch": "2025-06-29 12:54:26 +0500"
    },
    "done": true
  },
  "mcwfences:recipes/deepslate": {
    "criteria": {
      "has_deepslate": "2025-06-29 12:54:26 +0500"
    },
    "done": true
  },
  "translocators:recipes/redstone/item_translocator": {
    "criteria": {
      "has_piston": "2025-06-29 12:54:26 +0500"
    },
    "done": true
  },
  "farmersdelight:main/root": {
    "criteria": {
      "seeds": "2025-06-29 12:54:26 +0500"
    },
    "done": true
  },
  "minecraft:adventure/adventuring_time": {
    "criteria": {
      "minecraft:plains": "2025-06-29 12:54:27 +0500"
    },
    "done": false
  },
  "mcwfences:recipes/dark_oak": {
    "criteria": {
      "has_dark_oak": "2025-06-29 12:54:26 +0500"
    },
    "done": true
  },
  "mcwfences:recipes/crimson": {
    "criteria": {
      "has_crimson": "2025-06-29 12:54:26 +0500"
    },
    "done": true
  },
  "botania:recipes/tools/twig_wand": {
    "criteria": {
      "has_item": "2025-06-29 12:55:57 +0500"
    },
    "done": true
  },
  "create:root": {
    "criteria": {
      "0": "2025-06-29 12:54:26 +0500"
    },
    "done": true
  },
  "ae2wtlib:recipes/wireless_universal_terminal/upgrade_pattern_access": {
    "criteria": {
      "has_wit": "2025-06-29 12:54:26 +0500"
    },
    "done": true
  },
  "mcwfences:recipes/metal": {
    "criteria": {
      "has_deepslate": "2025-06-29 12:54:26 +0500"
    },
    "done": true
  },
  "ae2wtlib:recipes/wireless_pattern_access_terminal": {
    "criteria": {
      "has_wt": "2025-06-29 12:54:26 +0500"
    },
    "done": true
  },
  "botania:recipes/decorations/cyan_petal_block": {
    "criteria": {
      "has_item": "2025-06-29 12:55:57 +0500"
    },
    "done": true
  },
  "mcwbridges:recipes/bridge_torch": {
    "criteria": {
      "has_planks": "2025-06-29 12:54:26 +0500"
    },
    "done": true
  },
  "mcwfences:recipes/sandstone": {
    "criteria": {
      "has_sand": "2025-06-29 12:54:26 +0500"
    },
    "done": true
  },
  "mcwfences:recipes/acacia": {
    "criteria": {
      "has_acacia": "2025-06-29 12:54:26 +0500"
    },
    "done": true
  },
  "mcwfences:recipes/oak": {
    "criteria": {
      "has_oak": "2025-06-29 12:54:26 +0500"
    },
    "done": true
  },
  "translocators:recipes/misc/diamond": {
    "criteria": {
      "has_diamond_nugget": "2025-06-29 12:54:26 +0500"
    },
    "done": true
  },
  "translocators:recipes/misc/diamond_nugget": {
    "criteria": {
      "has_diamond": "2025-06-29 12:54:26 +0500"
    },
    "done": true
  },
  "ae2wtlib:recipes/magnet_card": {
    "criteria": {
      "has_wct": "2025-06-29 12:54:26 +0500"
    },
    "done": true
  },
  "mcwfences:recipes/quartz": {
    "criteria": {
      "has_qq": "2025-06-29 12:54:26 +0500"
    },
    "done": true
  },
  "mcwfences:recipes/nether": {
    "criteria": {
      "has_nether_brick": "2025-06-29 12:54:26 +0500"
    },
    "done": true
  },
  "mcwfences:recipes/bamboo": {
    "criteria": {
      "has_bamboo": "2025-06-29 12:54:26 +0500"
    },
    "done": true
  },
  "ae2wtlib:recipes/wireless_universal_terminal/ce": {
    "criteria": {
      "has_wpt": "2025-06-29 12:54:26 +0500",
      "has_wct": "2025-06-29 12:54:26 +0500"
    },
    "done": true
  },
  "ae2wtlib:recipes/wireless_universal_terminal/ca": {
    "criteria": {
      "has_wit": "2025-06-29 12:54:26 +0500",
      "has_wct": "2025-06-29 12:54:26 +0500"
    },
    "done": true
  },
  "mcwfences:recipes/spruce": {
    "criteria": {
      "has_spruce": "2025-06-29 12:54:26 +0500"
    },
    "done": true
  },
  "ae2wtlib:recipes/wireless_universal_terminal/ae": {
    "criteria": {
      "has_wit": "2025-06-29 12:54:26 +0500",
      "has_wpt": "2025-06-29 12:54:26 +0500"
    },
    "done": true
  },
  "botania:recipes/decorations/apothecary_default": {
    "criteria": {
      "has_item": "2025-06-29 12:55:57 +0500"
    },
    "done": true
  },
  "exdeorum:core/root": {
    "criteria": {
      "in_void_world": "2025-06-29 12:53:37 +0500"
    },
    "done": true
  },
  "ae2wtlib:recipes/quantum_bridge_card": {
    "criteria": {
      "has_wit": "2025-06-29 12:54:26 +0500",
      "has_wpt": "2025-06-29 12:54:26 +0500",
      "has_wct": "2025-06-29 12:54:26 +0500"
    },
    "done": true
  },
  "mcwfences:recipes/end": {
    "criteria": {
      "has_end_brick": "2025-06-29 12:54:26 +0500"
    },
    "done": true
  },
  "translocators:recipes/redstone/fluid_translocator": {
    "criteria": {
      "has_piston": "2025-06-29 12:54:26 +0500"
    },
    "done": true
  },
  "mcwfences:recipes/mud_brick": {
    "criteria": {
      "has_qq": "2025-06-29 12:54:26 +0500"
    },
    "done": true
  },
  "supplementaries:recipes/sconce": {
    "criteria": {
      "has_torch": "2025-06-29 12:54:26 +0500"
    },
    "done": true
  },
  "lootr:root": {
    "criteria": {
      "always_true": "2025-06-29 12:54:26 +0500"
    },
    "done": true
  },
  "mcwfences:recipes/blackstone": {
    "criteria": {
      "has_blackstone": "2025-06-29 12:54:26 +0500"
    },
    "done": true
  },
  "energymeter:recipes/energymeter/meter": {
    "criteria": {
      "has_item": "2025-06-29 12:54:26 +0500"
    },
    "done": true
  },
  "occultism:occultism/root": {
    "criteria": {
      "occultism_present": "2025-06-29 12:54:26 +0500"
    },
    "done": true
  },
  "DataVersion": 3465
}