{"stats":{"minecraft:mined":{"allthecompressed:blackstone_1x":145,"minecraft:oak_sapling":2,"minecraft:end_stone":37,"minecraft:grass_block":68,"chipped:arched_red_stained_glass_pane_pillar":2,"allthecompressed:sand_1x":79,"minecraft:iron_ore":248,"minecraft:barrel":1,"minecraft:fire":9,"minecraft:dirt_path":2,"exdeorum:oak_sieve":3,"minecraft:basalt":170,"pipez:item_pipe":2,"allthecompressed:gravel_1x":156,"minecraft:chest":4,"minecraft:campfire":1,"minecraft:cobblestone":64,"mcwfences:sandstone_grass_topped_wall":1,"minecraft:sugar_cane":35,"itemcollectors:basic_collector":1,"allthecompressed:netherrack_1x":211,"minecraft:cactus":1,"minecraft:wheat":1,"alltheores:end_tin_ore":1,"exdeorum:stone_barrel":1,"minecraft:oak_log":5,"minecraft:gravel":1,"minecraft:dirt":17,"allthecompressed:cobblestone_1x":1354,"minecraft:gold_ore":33,"minecraft:oak_leaves":1,"chipped:alchemy_bench":1},"minecraft:broken":{"constructionwand:diamond_wand":1,"constructionwand:stone_wand":1,"constructionwand:iron_wand":1},"minecraft:crafted":{"minecraft:cherry_planks":3,"mekanismtools:diamond_paxel":1,"minecraft:saddle":1,"minecraft:oak_planks":53,"minecraft:redstone":1,"minecraft:barrel":1,"exdeorum:iron_hammer":9,"pipez:item_pipe":16,"alltheores:gold_dust":33,"minecraft:diamond_shovel":1,"allthecompressed:cobblestone_1x":86,"sophisticatedstorage:stack_upgrade_tier_1":9,"sophisticatedstorage:stack_upgrade_tier_3":7,"sophisticatedstorage:stack_upgrade_tier_5":1,"minecraft:diamond_block":10,"allthecompressed:gravel_1x":355,"alltheores:copper_ore_hammer":8,"minecraft:basalt":348,"minecraft:diamond_helmet":1,"sophisticatedstorage:upgrade_base":6,"minecraft:diamond_leggings":1,"exdeorum:string_mesh":16,"allthecompressed:sand_1x":78,"minecraft:chest":2,"minecraft:diamond_boots":1,"sophisticatedstorage:stack_upgrade_tier_4":5,"clickmachine:auto_clicker":1,"exdeorum:stone_hammer":13,"exdeorum:iron_mesh":16,"dankstorage:dank_1":1,"constructionwand:diamond_wand":1,"minecraft:dropper":4,"minecraft:oak_slab":12,"minecraft:diamond_sword":2,"exdeorum:diamond_hammer":9,"minecraft:diamond_axe":1,"minecraft:crafting_table":1,"minecraft:gold_ore":226,"minecraft:gravel":21,"constructionwand:iron_wand":1,"minecraft:gold_block":24,"allthecompressed:netherrack_1x":211,"itemcollectors:basic_collector":1,"exdeorum:compressed_stone_hammer":1,"minecraft:copper_ore":32,"crafting_on_a_stick:crafting_table":1,"minecraft:diorite":7,"minecraft:air":891,"itemcollectors:advanced_collector":1,"exdeorum:compressed_iron_hammer":1,"minecraft:string":138,"minecraft:diamond_pickaxe":1,"minecraft:netherite_block":2,"exdeorum:flint_mesh":16,"constructionwand:stone_wand":1,"minecraft:stick":1,"minecraft:blackstone":1295,"minecraft:iron_ingot":68,"minecraft:iron_pickaxe":1,"minecraft:iron_block":42,"exdeorum:compressed_diamond_hammer":1,"minecraft:iron_ore":377,"exdeorum:oak_sieve":12,"allthecompressed:blackstone_1x":145,"alltheores:iron_dust":453,"minecraft:netherite_ingot":27,"sophisticatedstorage:stack_upgrade_tier_2":6},"minecraft:killed":{"minecraft:skeleton":1,"minecraft:sheep":1,"minecraft:trader_llama":2,"minecraft:cow":1},"minecraft:custom":{"minecraft:mob_kills":5,"minecraft:open_barrel":16,"minecraft:eat_cake_slice":1,"minecraft:leave_game":2,"minecraft:time_since_death":66517,"minecraft:sprint_one_cm":42248,"minecraft:walk_one_cm":493461,"minecraft:drop":77,"minecraft:talked_to_villager":11,"minecraft:play_time":238850,"minecraft:deaths":4,"minecraft:sneak_time":5763,"minecraft:walk_under_water_one_cm":1968,"minecraft:jump":886,"minecraft:walk_on_water_one_cm":384,"minecraft:total_world_time":238850,"minecraft:traded_with_villager":2,"minecraft:time_since_rest":66542,"minecraft:damage_taken":1755,"minecraft:damage_absorbed":9,"minecraft:use_wand":2094,"minecraft:damage_dealt":1359,"minecraft:fly_one_cm":93668,"minecraft:pig_one_cm":903,"minecraft:open_chest":208,"minecraft:crouch_one_cm":2730,"tombstone:undead_killed":1,"minecraft:fall_one_cm":277570},"minecraft:picked_up":{"minecraft:charcoal":2,"exdeorum:gold_ore_chunk":142,"alltheores:raw_aluminum_block":3,"minecraft:wheat":1,"constructionwand:diamond_wand":1,"exdeorum:dust":1627,"thermal:cinnabar":4,"minecraft:lead":7,"exdeorum:iron_ore_chunk":330,"xycraft_world:xychorium_storage_green":5,"exdeorum:blackstone_pebble":642,"exdeorum:string_mesh":1,"exdeorum:granite_pebble":262,"minecraft:netherite_scrap":129,"mysticalagriculture:inferium_essence":99,"exdeorum:compressed_diamond_hammer":1,"exdeorum:iron_mesh":11,"minecraft:beef":3,"minecraft:red_dye":22,"exdeorum:zinc_ore_chunk":109,"minecraft:ender_eye":4,"minecraft:iron_nugget":51,"draconicevolution:draconium_dust":35,"minecraft:sugar_cane":66,"minecraft:chest":7,"xycraft_world:xychorium_gem_green":56,"minecraft:furnace":1,"minecraft:egg":4,"minecraft:stick":30,"minecraft:raw_iron":248,"minecraft:end_stone":19,"minecraft:stone":1,"minecraft:copper_ingot":32,"pipez:item_pipe":2,"minecraft:torch":12,"mysticalagriculture:prosperity_shard":64,"minecraft:cherry_log":15,"mcwfences:sandstone_grass_topped_wall":1,"minecraft:redstone":86,"ironjetpacks:jetpack":1,"chipped:arched_red_stained_glass_pane_pillar":2,"minecraft:arrow":2,"minecraft:cactus":4,"minecraft:rotten_flesh":1,"xycraft_world:xychorium_gem_blue":62,"ae2:certus_quartz_dust":70,"exdeorum:diorite_pebble":334,"minecraft:shears":1,"xycraft_world:xychorium_storage_light":5,"exdeorum:tin_ore_chunk":203,"minecraft:gold_ingot":400,"minecraft:chorus_flower":6,"exdeorum:andesite_pebble":222,"exdeorum:crushed_netherrack":1878,"minecraft:mutton":2,"minecraft:obsidian":9,"minecraft:white_wool":1,"minecraft:blaze_powder":57,"minecraft:cobblestone":160,"exdeorum:osmium_ore_chunk":93,"exdeorum:stone_barrel":1,"exdeorum:basalt_pebble":344,"minecraft:basalt":170,"minecraft:magma_cream":4,"minecraft:cherry_planks":16,"refinedstorageaddons:wireless_crafting_grid":1,"minecraft:leather":8,"enderio:grains_of_infinity":82,"forcecraft:force_gem":75,"minecraft:flint":385,"minecraft:oak_log":110,"minecraft:ancient_debris":2,"minecraft:gunpowder":114,"exdeorum:nickel_ore_chunk":161,"minecraft:lapis_lazuli":169,"minecraft:dirt":94,"immersiveengineering:hemp_fiber":415,"xycraft_world:xychorium_storage_dark":5,"mekanism:salt":132,"ae2:sky_dust":50,"alltheores:raw_tin":1,"minecraft:wheat_seeds":4,"minecraft:apple":4,"itemcollectors:basic_collector":1,"exdeorum:stone_pebble":1258,"minecraft:raw_gold":33,"exdeorum:oak_sieve":2,"minecraft:iron_ingot":601,"create:shaft":6,"minecraft:glowstone_dust":96,"allthecompressed:sand_1x":1,"minecraft:smooth_basalt":284,"dankstorage:dank_1":3,"exdeorum:crushed_blackstone":1305,"exdeorum:deepslate_pebble":218,"chipped:alchemy_bench":1,"exdeorum:lead_ore_chunk":144,"patchouli:guide_book":1,"xycraft_world:xychorium_gem_red":63,"minecraft:gravel":10232,"minecraft:sand":1468,"minecraft:amethyst_shard":97,"exdeorum:crushed_end_stone":25,"exdeorum:silver_ore_chunk":109,"minecraft:barrel":1,"xycraft_world:xychorium_gem_dark":48,"xycraft_world:xychorium_storage_red":5,"projecte:repair_talisman":1,"forbidden_arcanus:arcane_crystal":47,"xycraft_world:xychorium_gem_light":48,"exdeorum:aluminum_ore_chunk":121,"minecraft:diamond":23,"immersiveengineering:seed":57,"alltheores:raw_aluminum":37,"minecraft:cherry_wood":17,"alltheores:zinc_ingot":6,"minecraft:bone_meal":93,"exdeorum:copper_ore_chunk":258,"minecraft:emerald":26,"tombstone:magic_scroll":1,"minecraft:oak_sapling":163,"xycraft_world:xychorium_storage_blue":5,"minecraft:netherrack":192,"minecraft:chorus_fruit":11,"minecraft:coal":387,"minecraft:hopper":2,"minecraft:ender_pearl":8},"minecraft:used":{"exdeorum:compressed_diamond_hammer":1576,"immersiveengineering:seed":16,"allthecompressed:blackstone_1x":145,"minecraft:chest":7,"allthecompressed:cobblestone_1x":962,"minecraft:dirt":67,"constructionwand:iron_wand":11,"chipped:alchemy_bench":2,"mcwfences:sandstone_grass_topped_wall":1,"minecraft:carrot":2,"mekanismtools:diamond_paxel":391,"itemcollectors:advanced_collector":1,"itemcollectors:basic_collector":1,"allthecompressed:netherrack_1x":211,"minecraft:barrel":2,"minecraft:basalt":170,"constructionwand:diamond_wand":21,"exdeorum:stone_hammer":89,"minecraft:oak_sapling":19,"pipez:item_pipe":5,"clickmachine:auto_clicker":1,"tombstone:gift":6,"minecraft:egg":4,"exdeorum:oak_sieve":12,"minecraft:wheat_seeds":1,"exdeorum:compressed_iron_hammer":248,"minecraft:water_bucket":2,"minecraft:iron_ore":248,"minecraft:chorus_fruit":8,"minecraft:ender_pearl":2,"minecraft:sugar_cane":9,"minecraft:gold_ore":33,"minecraft:oak_slab":3,"constructionwand:stone_wand":16,"exdeorum:stone_barrel":1,"exdeorum:dust":893,"minecraft:apple":1,"minecraft:bread":5,"allthecompressed:sand_1x":79,"allthecompressed:gravel_1x":78,"minecraft:iron_pickaxe":91,"minecraft:gravel":2197,"minecraft:diamond_sword":8,"minecraft:cobblestone":194,"minecraft:bucket":4,"exdeorum:crushed_end_stone":25,"exdeorum:compressed_stone_hammer":129},"minecraft:killed_by":{"minecraft:player":1},"minecraft:dropped":{"exdeorum:basalt_pebble":65,"minecraft:iron_ingot":135,"dankstorage:dank_1":1,"xycraft_world:xychorium_gem_green":11,"xycraft_world:xychorium_gem_dark":9,"minecraft:wheat_seeds":3,"minecraft:cherry_log":6,"exdeorum:deepslate_pebble":193,"allthecompressed:cobblestone_1x":24,"minecraft:ender_pearl":2,"minecraft:diamond":23,"exdeorum:copper_ore_chunk":30,"minecraft:apple":3,"allthecompressed:gravel_1x":256,"exdeorum:iron_ore_chunk":4,"minecraft:coal":37,"minecraft:flint":17,"minecraft:emerald":1,"exdeorum:gold_ore_chunk":12,"minecraft:dirt":12,"exdeorum:compressed_stone_hammer":1,"minecraft:cherry_planks":16,"minecraft:sand":64,"exdeorum:stone_pebble":321,"exdeorum:lead_ore_chunk":1,"minecraft:redstone":120,"xycraft_world:xychorium_gem_light":8,"minecraft:gravel":146,"minecraft:wheat":1,"xycraft_world:xychorium_gem_blue":11,"exdeorum:compressed_iron_hammer":1,"minecraft:end_stone":8,"minecraft:ender_eye":1,"exdeorum:compressed_diamond_hammer":1,"xycraft_world:xychorium_gem_red":15,"forcecraft:force_gem":8,"minecraft:oak_sapling":64,"minecraft:chest":3,"forbidden_arcanus:arcane_crystal":8,"refinedstorageaddons:wireless_crafting_grid":1,"minecraft:iron_ore":12,"exdeorum:andesite_pebble":1}},"DataVersion":3465}