{
  "type": "alchemistry:dissolver",
  "group": "alchemistry:dissolver",
  "input": {
    "ingredient": {
      "tag": "forge:rods/diamond"
    },
    "count": 1
  },
  "output": {
    "rolls": 1,
    "weighted": false,
    "groups": [
      {
        "probability": 100.0,
        "results": [
          {
            "item": "chemlib:graphite",
            "count": 64
          },
          {
            "item": "chemlib:graphite",
            "count": 64
          },
          {
            "item": "chemlib:graphite",
            "count": 64
          },
          {
            "item": "chemlib:graphite",
            "count": 64
          }
        ]
      }
    ]
  }
}