{
	"saplings": {
		"croptopia": [
			"croptopia:cherry_sapling",
			"croptopia:fig_sapling",
			"croptopia:orange_sapling",
			"croptopia:nectarine_sapling",
			"croptopia:nutmeg_sapling",
			"croptopia:persimmon_sapling",
			"croptopia:apple_sapling",
			"croptopia:walnut_sapling",
			"croptopia:cashew_sapling",
			"croptopia:dragonfruit_sapling",
			"croptopia:date_sapling",
			"croptopia:almond_sapling",
			"croptopia:pear_sapling",
			"croptopia:cinnamon_sapling",
			"croptopia:peach_sapling",
			"croptopia:grapefruit_sapling",
			"croptopia:lime_sapling",
			"croptopia:apricot_sapling",
			"croptopia:kumquat_sapling",
			"croptopia:pecan_sapling",
			"croptopia:starfruit_sapling",
			"croptopia:avocado_sapling",
			"croptopia:lemon_sapling",
			"croptopia:coconut_sapling",
			"croptopia:banana_sapling",
			"croptopia:mango_sapling",
			"croptopia:plum_sapling"
		],
		"ars_nouveau": [
			"ars_nouveau:red_archwood_sapling",
			"ars_nouveau:blue_archwood_sapling",
			"ars_nouveau:purple_archwood_sapling",
			"ars_nouveau:green_archwood_sapling"
		],
		"minecraft": [
			"minecraft:oak_sapling",
			"minecraft:mangrove_propagule",
			"minecraft:spruce_sapling",
			"minecraft:acacia_sapling",
			"minecraft:birch_sapling",
			"minecraft:jungle_sapling",
			"minecraft:dark_oak_sapling",
			"minecraft:azalea",
			"minecraft:flowering_azalea",
			"minecraft:cherry_sapling"
		],
		"biomesoplenty": [
			"biomesoplenty:palm_sapling",
			"biomesoplenty:umbran_sapling",
			"biomesoplenty:willow_sapling",
			"biomesoplenty:origin_sapling",
			"biomesoplenty:magic_sapling",
			"biomesoplenty:maple_sapling",
			"biomesoplenty:hellbark_sapling",
			"biomesoplenty:orange_autumn_sapling",
			"biomesoplenty:mahogany_sapling",
			"biomesoplenty:snowblossom_sapling",
			"biomesoplenty:redwood_sapling",
			"biomesoplenty:fir_sapling",
			"biomesoplenty:jacaranda_sapling",
			"biomesoplenty:yellow_autumn_sapling",
			"biomesoplenty:rainbow_birch_sapling",
			"biomesoplenty:dead_sapling",
			"biomesoplenty:flowering_oak_sapling"
		],
		"undergarden": [
			"undergarden:smogstem_sapling",
			"undergarden:grongle_sapling",
			"undergarden:wigglewood_sapling"
		],
		"silentgear": [
			"silentgear:netherwood_sapling"
		],
		"twilightforest": [
			"twilightforest:mining_sapling",
			"twilightforest:time_sapling",
			"twilightforest:canopy_sapling",
			"twilightforest:sorting_sapling",
			"twilightforest:mangrove_sapling",
			"twilightforest:darkwood_sapling",
			"twilightforest:hollow_oak_sapling",
			"twilightforest:twilight_oak_sapling",
			"twilightforest:rainbow_oak_sapling",
			"twilightforest:transformation_sapling"
		],
		"integrateddynamics": [
			"integrateddynamics:menril_sapling"
		],
		"blue_skies": [
			"blue_skies:frostbright_sapling",
			"blue_skies:starlit_sapling",
			"blue_skies:maple_sapling",
			"blue_skies:comet_sapling",
			"blue_skies:dusk_sapling",
			"blue_skies:bluebright_sapling",
			"blue_skies:lunar_sapling",
			"blue_skies:crescent_fruit_sapling"
		],
		"deeperdarker": [
			"deeperdarker:echo_sapling"
		],
		"twilightdelight": [
			"twilightdelight:ironwood_sapling"
		],
		"occultism": [
			"occultism:otherworld_sapling",
			"occultism:otherworld_sapling_natural"
		],
		"forbidden_arcanus": [
			"forbidden_arcanus:aurum_sapling"
		],
		"gtceu": [
			"gtceu:rubber_sapling"
		],
		"caupona": [
			"caupona:fig_sapling",
			"caupona:walnut_sapling",
			"caupona:wolfberry_sapling"
		],
		"evilcraft": [
			"evilcraft:undead_sapling"
		]
	},
	"seeds": {
		"farmersdelight": [
			"farmersdelight:rice",
			"farmersdelight:tomato_seeds",
			"farmersdelight:cabbage_seeds"
		],
		"croptopia": [
			"croptopia:peanut_seed",
			"croptopia:pepper_seed",
			"croptopia:yam_seed",
			"croptopia:strawberry_seed",
			"croptopia:saguaro_seed",
			"croptopia:hops_seed",
			"croptopia:basil_seed",
			"croptopia:blackbean_seed",
			"croptopia:vanilla_seeds",
			"croptopia:ginger_seed",
			"croptopia:eggplant_seed",
			"croptopia:coffee_seed",
			"croptopia:grape_seed",
			"croptopia:asparagus_seed",
			"croptopia:turnip_seed",
			"croptopia:kale_seed",
			"croptopia:zucchini_seed",
			"croptopia:mustard_seed",
			"croptopia:rutabaga_seed",
			"croptopia:garlic_seed",
			"croptopia:currant_seed",
			"croptopia:spinach_seed",
			"croptopia:rice_seed",
			"croptopia:turmeric_seed",
			"croptopia:cranberry_seed",
			"croptopia:kiwi_seed",
			"croptopia:cantaloupe_seed",
			"croptopia:cauliflower_seed",
			"croptopia:artichoke_seed",
			"croptopia:elderberry_seed",
			"croptopia:oat_seed",
			"croptopia:rhubarb_seed",
			"croptopia:lettuce_seed",
			"croptopia:cucumber_seed",
			"croptopia:greenbean_seed",
			"croptopia:celery_seed",
			"croptopia:onion_seed",
			"croptopia:sweetpotato_seed",
			"croptopia:raspberry_seed",
			"croptopia:honeydew_seed",
			"croptopia:blackberry_seed",
			"croptopia:greenonion_seed",
			"croptopia:bellpepper_seed",
			"croptopia:soybean_seed",
			"croptopia:tea_seed",
			"croptopia:olive_seed",
			"croptopia:squash_seed",
			"croptopia:blueberry_seed",
			"croptopia:broccoli_seed",
			"croptopia:tomato_seed",
			"croptopia:corn_seed",
			"croptopia:pineapple_seed",
			"croptopia:barley_seed",
			"croptopia:leek_seed",
			"croptopia:radish_seed",
			"croptopia:cabbage_seed",
			"croptopia:tomatillo_seed",
			"croptopia:chile_pepper_seed"
		],
		"blue_skies": [
			"blue_skies:pine_fruit_seeds",
			"blue_skies:winter_leaf_seeds",
			"blue_skies:scalefruit_seeds",
			"blue_skies:fiery_bean_seeds"
		],
		"minecraft": [
			"minecraft:wheat_seeds",
			"minecraft:pumpkin_seeds",
			"minecraft:melon_seeds",
			"minecraft:beetroot_seeds"
		],
		"supplementaries": [
			"supplementaries:flax_seeds"
		],
		"corn_delight": [
			"corn_delight:corn_seeds"
		],
		"occultism": [
			"occultism:datura_seeds"
		],
		"ars_nouveau": [
			"ars_nouveau:magebloom_crop"
		],
		"silentgear": [
			"silentgear:flax_seeds",
			"silentgear:fluffy_seeds"
		],
		"forbidden_arcanus": [
			"forbidden_arcanus:golden_orchid_seeds"
		],
		"undergarden": [
			"undergarden:gloomgourd_seeds"
		]
	},
	"flowers": {
		"minecraft": [
			"minecraft:sunflower",
			"minecraft:oxeye_daisy",
			"minecraft:mangrove_propagule",
			"minecraft:dandelion",
			"minecraft:pink_petals",
			"minecraft:cornflower",
			"minecraft:allium",
			"minecraft:pitcher_plant",
			"minecraft:rose_bush",
			"minecraft:lilac",
			"minecraft:orange_tulip",
			"minecraft:white_tulip",
			"minecraft:cherry_leaves",
			"minecraft:lily_of_the_valley",
			"minecraft:blue_orchid",
			"minecraft:pink_tulip",
			"minecraft:torchflower",
			"minecraft:flowering_azalea",
			"minecraft:peony",
			"minecraft:red_tulip",
			"minecraft:poppy",
			"minecraft:wither_rose",
			"minecraft:flowering_azalea_leaves",
			"minecraft:azure_bluet"
		],
		"blue_skies": [
			"blue_skies:snowbloom",
			"blue_skies:moonlit_bloom",
			"blue_skies:frose",
			"blue_skies:briskbloom",
			"blue_skies:camellia",
			"blue_skies:chillweed",
			"blue_skies:blush_blossom",
			"blue_skies:crystal_flower",
			"blue_skies:blaze_bud",
			"blue_skies:lucentroot",
			"blue_skies:polar_posy",
			"blue_skies:midday_bayhop",
			"blue_skies:flare_floret",
			"blue_skies:nightcress"
		],
		"biomesoplenty": [
			"biomesoplenty:pink_daffodil",
			"biomesoplenty:white_petals",
			"biomesoplenty:rose",
			"biomesoplenty:violet",
			"biomesoplenty:burning_blossom",
			"biomesoplenty:blue_hydrangea",
			"biomesoplenty:jacaranda_leaves",
			"biomesoplenty:goldenrod",
			"biomesoplenty:pink_hibiscus",
			"biomesoplenty:icy_iris",
			"biomesoplenty:orange_cosmos",
			"biomesoplenty:snowblossom_leaves",
			"biomesoplenty:lavender",
			"biomesoplenty:flowering_oak_leaves",
			"biomesoplenty:tall_lavender",
			"biomesoplenty:wildflower",
			"biomesoplenty:glowflower",
			"biomesoplenty:wilted_lily"
		],
		"twilightforest": [
			"twilightforest:thorn_rose"
		],
		"farmersdelight": [
			"farmersdelight:wild_rice",
			"farmersdelight:wild_beetroots",
			"farmersdelight:wild_potatoes",
			"farmersdelight:wild_tomatoes",
			"farmersdelight:wild_onions",
			"farmersdelight:wild_carrots",
			"farmersdelight:wild_cabbages"
		],
		"undergarden": [
			"undergarden:miserabell",
			"undergarden:tall_shimmerweed",
			"undergarden:shimmerweed",
			"undergarden:amorous_bristle",
			"undergarden:butterbunch"
		],
		"forbidden_arcanus": [
			"forbidden_arcanus:yellow_orchid",
			"forbidden_arcanus:growing_edelwood"
		],
		"twigs": [
			"twigs:azalea_flowers"
		],
		"supplementaries": [
			"supplementaries:wild_flax"
		]
	}
}